label,comment
0,100 days pakka
0,sari nivu video na roast madi adre madvaga pubg atava free fire games hakondo madbedi a games kooda chinese
0,krishana shapa tatteleebeku
0,‡≤ï‡≤®‡≥ç‡≤®‡≤° ‡≤á‡≤µ‡≤§‡≥ç‡≤§‡≥Å ‡≤∞‡≤æ‡≤∑‡≥ç‡≤ü‡≥ç‡≤∞‡≥Ä‡≤Ø ‡≤Æ‡≤§‡≥ç‡≤§‡≥Å ‡≤Ö‡≤Ç‡≤§‡≤æ‡≤∞‡≤æ‡≤∑‡≥ç‡≤ü‡≥ç‡≤∞‡≥Ä‡≤Ø ‡≤Æ‡≤ü‡≥ç‡≤ü‡≤¶‡≤≤‡≥ç‡≤≤‡≤ø ‡≤π‡≥Ü‡≤∏‡≤∞‡≥Å ‡≤Æ‡≤æ‡≤°‡≥Å‡≤§‡≥ç‡≤§‡≤ø‡≤¶‡≥Ü ‡≤é‡≤Ç‡≤¶‡≤∞‡≥Ü ‡≤Ö‡≤¶‡≥Å ‡≤∞‡≤ï‡≥ç‡≤∑‡≤ø‡≤§‡≥ç ‡≤∂‡≥Ü‡≤ü‡≥ç‡≤ü‡≤ø ‡≤∞‡≤µ‡≤∞‡≤Ç‡≤§‡≤µ‡≤∞ ‡≤â‡≤§‡≥ç‡≤∏‡≥Å‡≤ï‡≤§‡≥Ü‡≤Ø‡≤ø‡≤Ç‡≤¶ ‡≤Æ‡≤æ‡≤§‡≥ç‡≤∞
0,‡≤ï‡≥á‡≤≥‡≤ø ‡≤ï‡≤æ‡≤¶‡≤ø‡≤∞‡≥Å‡≤µ ‡≤≠‡≤æ‡≤Ç‡≤¶‡≤µ‡≤∞‡≥án‡≤≠‡≥Å‡≤µ‡≤ø‡≤Ø‡≤≤‡≥ç‡≤≤‡≤ø ‡≤Ö‡≤µ‡≤® ‡≤Ö‡≤∞‡≤ø‡≤§‡≤µ‡≤∞‡≥Ün‡≤Ø‡≤æ‡≤∞‡≤ø‡≤≤‡≥ç‡≤≤ ‡≤¨‡≤ø‡≤°‡≤ø ‡≤Æ‡≥Å‡≤®‡≥ç‡≤®‡≥Å‡≤°‡≤øn‡≤á‡≤¶‡≥ç‡≤¶‡≤∞‡≤¶‡≥ä‡≤Ç‡≤¶‡≥Å ‡≤¶‡≤Ç‡≤§ ‡≤ï‡≤•‡≥Ü...n‡≤®‡≤æ‡≤ï‡≥Å ‡≤¶‡≤ø‡≤ï‡≥ç‡≤ï‡≤ø‡≤®‡≤≤‡≥Å ‡≤¨‡≥á‡≤ï‡≤µ‡≤®‡≥Ån‡≤¨‡≤Ç‡≤¶‡≥Ç‡≤ï‡≥Å ‡≤π‡≤ø‡≤°‡≤ø‡≤¶ ‡≤Æ‡≤æ‡≤®‡≤µ‡≤®‡≥Ån‡≤§‡≤≤‡≥Ü ‡≤Æ‡≥á‡≤≤‡≤ø‡≤¶‡≥Ü ‡≤ï‡≤ø‡≤∞‡≥Ä‡≤ü...n‡≤§‡≥Ä‡≤∞ ‡≤π‡≤†...n‡≤ó‡≥Å‡≤∞‡≤ø ‡≤¨‡≥Ü‡≤®‡≥ç‡≤®‡≤ü‡≥ç‡≤ü‡≥ã ‡≤®‡≥á‡≤§‡≤æ‡≤∞‡≤®‡≥Å!n‡≤ó‡≤æ‡≤≥‡≤ø ‡≤Æ‡≤æ‡≤§‡≤ø‡≤® ‡≤¨‡≤ú‡≤æ‡≤∞‡≥Ån‡≤∏‡≥Å‡≤¶‡≥ç‡≤¶‡≤ø ‡≤∏‡≤æ‡≤∞‡≤ø‡≤¶‡≥Ü ‡≤∏‡≥Å‡≤Æ‡≤æ‡≤∞‡≥Ån‡≤™‡≤æ‡≤§‡≥ç‡≤∞‡≤¶ ‡≤™‡≤∞‡≤ø‡≤ö‡≤Ø ‡≤á‡≤∞‡≥ã‡≤∞‡≥Ån‡≤Ü ‡≤¨‡≤Ç‡≤¶‡≥Ç‡≤ï‡≤ø‡≤ó‡≥Ü ‡≤á‡≤¶‡≥Ü ‡≤ò‡≤® ‡≤π‡≥Ü‡≤∏‡≤∞‡≥Ån‡≤π‡≥ç‡≤Ø‡≤æ‡≤Ç‡≤°‡≥ç‡≤∏‡≥ç ‡≤Ö‡≤™‡≥ç...n‡≤Ö‡≤¶‡≥Å ‡≤Ö‡≤®‡≤µ‡≤∞‡≤§!n‡≤π‡≥ç‡≤Ø‡≤æ‡≤Ç‡≤°‡≥ç‡≤∏‡≥ç ‡≤Ö‡≤™‡≥ç...n‡≤®‡≤æ ‡≤Ö‡≤ú‡≥ç‡≤û‡≤æ‡≤§!n‡≤π‡≥ç‡≤Ø‡≤æ‡≤Ç‡≤°‡≥ç‡≤∏‡≥ç ‡≤Ö‡≤™‡≥ç...n‡≤á‡≤¶‡≥Ü ‡≤µ‡≥á‡≤¶‡≤æ‡≤Ç‡≤§..!n‡≤á‡≤¶‡≥Å ‡≤ö‡≤∞‡≤ø‡≤§‡≥ç‡≤∞‡≥Ü ‡≤∏‡≥É‡≤∑‡≥ç‡≤ü‡≤ø‡≤∏‡≥ã ‡≤Ö‡≤µ‡≤§‡≤æ‡≤∞...nn‡≤∞‡≤Ç‡≤ó‡≥á‡≤∞‡≤ø‡≤¶‡≥Ü ‡≤Æ‡≤æ‡≤Ø‡≤æ ‡≤ú‡≤æ‡≤≤n‡≤Ö‡≤®‡≥Å‡≤≠‡≤µ‡≤ø‡≤∏‡≥Å ‡≤ì ‡≤™‡≥ç‡≤∞‡≥á‡≤ï‡≥ç‡≤∑‡≤ï‡≤®‡≥á!n‡≤¶‡≥É‡≤∑‡≥ç‡≤ü‡≤ø ‡≤®‡≤®‡≥ç‡≤®‡≥ä‡≤¨‡≥ç‡≤¨‡≤® ‡≤Æ‡≥á‡≤≤‡≤ø‡≤°‡≤øn‡≤§‡≤™‡≥ç‡≤™‡≤¶‡≥Å ‡≤®‡≤ø‡≤ú ‡≤Æ‡≤®‡≤∞‡≤Ç‡≤ú‡≤®‡≥Ü!n‡≤®‡≤®‡≥ç‡≤® ‡≤ó‡≥Ü‡≤≤‡≥ç‡≤¨‡≥ã‡≤¶‡≥Å ‡≤Ö‡≤®‡≥ç‡≤®‡≥Å‡≤§n‡≤®‡≤ø‡≤Ç‡≤¶‡≤®‡≥Å ‡≤ì‡≤∞‡≥ç‡≤µ ‡≤∞‡≤æ‡≤ï‡≥ç‡≤∑‡≤∏!n‡≤§‡≤™‡≥ç‡≤™‡≤≤‡≥ç‡≤≤ ‡≤Ü‡≤¶‡≤∞‡≥Å ‡≤Ö‡≤¶‡≥Å‡≤µ‡≥án‡≤ä‡≤π‡≥Ü‡≤ó‡≥Ç ‡≤Æ‡≥Ä‡≤∞‡≤ø‡≤¶ ‡≤∏‡≤æ‡≤π‡≤∏!n‡≤Ö‡≤®‡≤ø‡≤∏‡≥Å‡≤§‡≥ç‡≤§‡≥Ü...n‡≤¨‡≤Ç‡≤¶ ‡≤π‡≤æ‡≤ó‡≤ø‡≤¶‡≥Ü ‡≤∞‡≤ö‡≤ø‡≤∏‡≤≤‡≥Å ‡≤π‡≥ä‡≤∏‡≤¶‡≥á ‡≤∂‡≤æ‡≤∏‡≤®!n‡≤Æ‡≥Ü‡≤∞‡≤Ø‡≤≤‡≤ø ‡≤ó‡≤ó‡≤®‡≤¶‡≤≤‡≤ø ‡≤®‡≤ø‡≤Æ‡≥ç‡≤Æ‡≤¶‡≥á ‡≤≤‡≤æ‡≤Ç‡≤õ‡≤®...n‡≤Ø‡≥Å‡≤ß‡≥ç‡≤ß ‡≤Æ‡≤æ‡≤°‡≤¨‡≥á‡≤ï‡≥Å
0,sanjukuamar chatnale ƒüy
0,hindi song release madlilva?
0,‡≤∂‡≤Ç‡≤ï‡≥ç‡≤∞‡≤£‡≥ç‡≤£ is back
0,trend setter! awesome!
0,jeevana banda haage accept madtha sagtidira wish you good luck
0,d. boss abhimani kadeyinda
0,make avane srimanarayana part 2
0,‡≤§‡≤ø‡≤™‡≥ç‡≤™‡≤® ‡≤ï‡≤•‡≥Ü ‡≤§‡≥Å‡≤Ç‡≤¨‡≤æ ‡≤ö‡≥Ü‡≤®‡≥ç‡≤®‡≤æ‡≤ó‡≤ø‡≤¶‡≥Ü ‡≤Ö‡≤ï‡≥ç‡≤ï
0,asn releasing onnkannada dec 27ntelugu jan 1stntamil jan 3rdnmalayalam jan 3rdnhindi jan 17
1,super movie sir.. ‡≤Ü‡≤¶‡≥ç‡≤∞‡≥Ü ‡≤¶‡≥Å‡≤∞‡≤Ç‡≤§ ‡≤®‡≤Æ‡≥ç‡≤Æ ‡≤™‡≥ç‡≤∞‡≥á‡≤ï‡≥ç‡≤∑‡≤ï prabhugalna namboduu.. really tumbaa bejaar aytu ‡≤¶‡≤ø‡≤Ø‡≤æ moviege e thara agiddu.. but prachaara kammi aytu anstide sir.. theatre inda movie hodmele saalu saalalli jana banduu keltidaare..
0,d bosss fans kade inda all the best prajju
0,hands up yav pada pa
1,beligge yeddhu bavige haarbekittu avaga kanasu nanasu agithithu
0,super togari tippa
0,kannadiga tysm anna....nivu comment madidakke...bt sry anna...bcaz nan insta use madalla
0,‡≤¨‡≤æ ‡≤ó‡≥Å‡≤∞‡≥Å ‡≤π‡≥ã‡≤ó‡≤ø ‡≤¨‡≤∞‡≥ã‡≤£ ‡≤´‡≥Å‡≤≤‡≥ç ‡≤ï‡≤•‡≥Ü ‡≤ï‡≥á‡≤≥‡≥ç‡≤ï‡≥ä‡≤Ç‡≤°‡≥Å ‡≤¨‡≤∞‡≥ã‡≤£
0,editing yar guru ü§©
0,lo remake alla antha hekde tane
1,thu nem yogyathe ge maha vishnu hesaru ettu entha movie tegitira nachige agbeku nemge
1,parthasarathi ‡≤®‡≤ø‡≤®‡≥ç ‡≤Ö‡≤ï‡≥ç‡≤ï‡≥Å‡≤®‡≥ç
1,mast maga channel nalli baro anchor tharaane nimm voice idiyalla
1,parthasarathi tunnel unnu gandu
1,‡≤á‡≤¨‡≥ç‡≤¨‡≤∞‡≥Å ‡≤ï‡≤≥‡≥ç‡≤≥‡≤∞‡≥á
1,nanu yash sudeep darshan appu cinema bittu yardu nodalla
0,kannada kagi like anu vathi n
1,parthasarathi ‡≤®‡≤Ç‡≤¶‡≤ø‡≤®‡≤ø ‡≤®‡≤Ç‡≤¶‡≤ø‡≤®‡≤ø ‡≤®‡≤ø‡≤®‡≥ç ‡≤§‡≥Å‡≤≤‡≥ç‡≤≤‡≥ç ‡≤ó‡≤≤‡≥Ä‡≤ú‡≥Å
0,howduu actually eee video nodakku munche indaanu nange ide reethi tumbaa saari hagu pade pade yeshto baari kansu beeltittu heege obbaa vyakti shiva devastana hatra irtane naanu devastaaana dinda aache baruvaga nanna hatra idid bilpatre na keltane but duddu maatra eeskolala but hieght agirtare tanned skin tone forehead poorthi gaaya agirutte but full body ashtaag kansalli gottagallaa but ivatt eee video nodid mele mostly avre irbeku antha anstu
1,binduge saryagi ugithidira good go ahead we are enjoying well
1,‡≤¨‡≥á‡≤µ‡≤∞‡≥ç‡≤∏‡≤ø ‡≤ö‡≥Ä‡≤®‡≤æ ‡≤®‡≤®‡≥ç‡≤® ‡≤Æ‡≤ï‡≥ç‡≤ï‡≤≥‡≥Å
1,histu hellidri adre nimma background video pubg du kudanu chinese howrde alwa first ninu pubg na stop madinninu heliddu nanu tappu andilla adre hobbarige helo munche nanu correct agirabeku k mandon't feel bad anna
0,nam bhashee kannada njai karnataka jai kannada
1,channag ugide bro
0,super sog ng super dance
0,karavali karavali... itte boda marre?? film super hit aagbeku. bere statesnavru nammatha nodbeku aste...
1,odeya movie ginta ee movie super annoru like madi...
0,h p ‡≤ñ‡≤Ç‡≤°‡≤ø‡≤§‡≤µ‡≤æ‡≤ó‡≤ø‡≤Ø‡≥Ç
0,‡≤∏‡≥Ç‡≤™‡≤∞‡≥ç ‡≤∏‡≥Ç‡≤™‡≤∞‡≥ç ‡≤∏‡≥Ç‡≤™‡≤∞‡≥ç ‡≤´‡≥ç‡≤Ø‡≤æ‡≤®‡≥ç ‡≤Ü‡≤ó‡≥ã‡≤¶‡≥á bro ‡≤®‡≤ø‡≤Æ‡≤ó‡≥Ü
1,nin naman sule gandu boli dagar drashan
0,‡≤∞‡≤æ‡≤Æ ‡≤∞‡≤æ‡≤Æ ‡≤§‡≥Å‡≤∏‡≥Å ‡≤ß‡≤ï‡≥ç‡≤∑ ‡≤µ‡≥É‡≤§ ‡≤ú‡≤æ‡≤∞‡≤ø‡≤™. . .
0,kannadigaradavaru kelage like madi kannadabhimana torisi
0,dboss fansnyboss fansnkboss fans
0,‡≤ö‡≤Ç‡≤¶‡≤®‡≥ç ‡≤∂‡≥Ü‡≤ü‡≥ç‡≤ü‡≤ø ‡≤ü‡≥ç‡≤∞‡≥ä‡≤≤‡≥ç ‡≤µ‡≤ø‡≤°‡≤ø‡≤Ø‡≥ã ‡≤®‡≥Ä‡≤µ‡≥Å ‡≤®‡≥ã‡≤°‡≤ø ‡≤®‡≥Ü‡≤ó‡≤°‡≥ç‡≤°‡≥Ü ‡≤á‡≤¶‡≥ç‡≤∞‡≥Ü ‡≤®‡≤æ‡≤µ‡≥ç ‡≤ó‡≥ç‡≤Ø‡≤æ‡≤∞‡≤Ç‡≤ü‡≤ø
0,d boss fans sapot iratte 100day
0,‡≤ï‡≤®‡≥ç‡≤®‡≤° ‡≤®‡≤æ‡≤°‡≤ø‡≤® ‡≤π‡≥Ü‡≤Æ‡≥ç‡≤Æ‡≥Ü‡≤Ø ‡≤ö‡≤ø‡≤§‡≥ç‡≤∞
1,‡≤∞‡≥Ä ‡≤®‡≤ø‡≤Æ‡≥ç‡≤Æ ‡≤§‡≤Ç‡≤¶‡≥Ü‡≤Ø‡≤®‡≥ç‡≤®‡≥Å ‡≤®‡≥Ü‡≤®‡≥Ü‡≤¶‡≥Å ‡≤®‡≥Ä‡≤µ‡≥Å ‡≤Æ‡≥ä‡≤∏‡≤≥‡≥Ü ‡≤ï‡≤£‡≥ç‡≤£‡≥Ä‡≤∞‡≥Å ‡≤π‡≤æ‡≤ï‡≥Å‡≤§‡≥ç‡≤§‡≥Ä‡≤∞‡≤æ
0,in ond trip nodbeku but but sinama chenge madbittru olle movi ge olle respans illa nam karnatakadalli
0,36 m nvideo viral agthila
0,‡≤µ‡≤ø‡≤≠‡≤ø‡≤®‡≥ç‡≤® ‡≤π‡≤æ‡≤°‡≥Å...n‡≤Ö‡≤¶‡≥ç‡≤≠‡≥Å‡≤§ ‡≤µ‡≤æ‡≤ó‡≤ø‡≤¶‡≥Ü ‡≤∂‡≥á‡≤ü‡≥ç‡≤∞‡≥Ü
1,bindu lowda smartphones laptop kelvu brand chinade agidru nav use madtha erodakke already tax kattidivi en munde kattod beda antha heltha erodu
0,making r awesome bro..avlge ennu usbeku
0,hi nan nim vedios nodthini thumba funny agi roast madthira
0,‡≤§‡≥Å‡≤Ç‡≤¨‡≤æ ‡≤í‡≤≥‡≥ç‡≤≥‡≥Ü‡≤Ø ‡≤Æ‡≤æ‡≤π‡≤ø‡≤§‡≤ø ‡≤®‡≥Ä‡≤°‡≤ø‡≤¶‡≥ç‡≤¶‡≥Ä‡≤∞‡≤ø ‡≤∏‡≤∞‡≥ç ‡≤ß‡≤®‡≥ç‡≤Ø‡≤µ‡≤æ‡≤¶‡≤ó‡≤≥‡≥Å ‡≤®‡≤ø‡≤Æ‡≤ó‡≥Ü
0,film benki ide gurunkannada film industry li ide tara saviraru cinema barli
1,cc camera footage thegiri ..avratra keli mahabharata story
0,h r aadru avrige loss illa bron production house avru cleanaagi agreement maadkobeku alvaaa brooooo.....
0,abbbbaa super tik tok ban ayithu
0,my boss anna yash boss anna yash boss anna
0,mam osm mam ninu
1,main theater ella huduki sakagi hoythu
0,‡≤§‡≥Å‡≤Ç‡≤¨‡≤æ ‡≤í‡≤≥‡≥ç‡≤≥‡≥Ü ‡≤∏‡≤ø‡≤®‡≥Ü‡≤Æ‡≤æ.. best movie of 2020 in kannada
0,january alli song keloru like madi
0,‡≤∏‡≥Å‡≤¶‡≥ç‡≤¶‡≤ø ‡≤Æ‡≤æ‡≤°‡≥Å‡≤µ ‡≤Æ‡≤æ‡≤¶‡≤ï ‡≤π‡≤æ‡≤°‡≥Å ‡≤ï‡≥á‡≤≥‡≤ø‡≤∞‡≤ø ‡≤é‡≤≤‡≥ç‡≤≤‡≤∞‡≥Å ......hands up
0,sir ‡≤á‡≤¶‡≤Ç‡≤§‡≥Ç ‡≤¶‡≥ä‡≤°‡≥ç‡≤° ‡≤™‡≥ç‡≤∞‡≤Ø‡≤§‡≥ç‡≤® ‡≤µ‡≤æ‡≤ó‡≤ø‡≤¶‡≥Ü . ‡≤®‡≤Æ‡≥ç‡≤Æ ‡≤ú‡≤®‡≤∞‡≤≤‡≥ç‡≤≤‡≤ø ‡≤™‡≥ç‡≤∞‡≤æ‡≤Ø‡≥ã‡≤ó‡≤ø‡≤ï ‡≤Æ‡≤®‡≥ã‡≤≠‡≤æ‡≤µ‡≤®‡≥Ü ‡≤Æ‡≥Ç‡≤°‡≤ø‡≤∏‡≥Å‡≤µ ‡≤Æ‡≤§‡≥ç‡≤§‡≥Å ‡≤®‡≤Æ‡≥ç‡≤Æ ‡≤¶‡≥á‡≤∂‡≤¶ ‡≤ú‡≤®‡≤∞ ‡≤®‡≥ã‡≤®‡≥ã‡≤¨‡≤®‡≥Ü ‡≤¨‡≤ó‡≥ç‡≤ó‡≥Ü ‡≤§‡≥Å‡≤Ç‡≤¨‡≤æ ‡≤ö‡≥Ü‡≤®‡≥ç‡≤®‡≤æ‡≤ó‡≤ø ‡≤π‡≥á‡≤≥‡≤ø‡≤¶‡≥ç‡≤¶‡≥Ä‡≤∞‡≤ø ‡≤á‡≤Ç‡≤§ ‡≤™‡≥ç‡≤∞‡≤Ø‡≤§‡≥ç‡≤® ‡≤ó‡≤≥‡≤ø‡≤Ç‡≤¶ ‡≤®‡≤Æ‡≥ç‡≤Æ ‡≤§‡≤™‡≥ç‡≤™‡≥Å‡≤ó‡≤≥ ‡≤π‡≤∞‡≤ø‡≤µ‡≥Å ‡≤Ü‡≤ó‡≥Å‡≤¶‡≥Å ‡≤Æ‡≤§‡≥ç‡≤§‡≥Ü ‡≤¨‡≤¶‡≤≤‡≤æ‡≤µ‡≤£‡≥Ü‡≤ó‡≥Ç ‡≤∏‡≤¶‡≥ç‡≤Ø ‡≤µ‡≤æ‡≤ó‡≥Å‡≤§‡≥ç‡≤§‡≥á ‡≤¶‡≤Ø‡≤µ‡≤ø‡≤ü‡≥ç‡≤ü‡≥Å ‡≤á‡≤¶‡≥á ‡≤§‡≤∞‡≤π‡≤¶ ‡≤á‡≤®‡≥Å ‡≤π‡≥Ü‡≤ö‡≥ç‡≤ö‡≤ø‡≤® ‡≤µ‡≥Ä‡≤°‡≤ø‡≤Ø‡≥ã ‡≤ó‡≤≥ ‡≤Ö‡≤µ‡≤∂‡≥ç‡≤Ø‡≤ï‡≤§‡≥Ü ‡≤á‡≤¶‡≥á. ‡≤®‡≤ø‡≤Æ‡≥ç‡≤Æ ‡≤í‡≤Ç‡≤¶‡≥Å ‡≤µ‡≤æ‡≤π‡≤ø‡≤®‡≤ø‡≤Ø ‡≤Æ‡≥Ç‡≤≤‡≤ï ‡≤ú‡≤®‡≤∞ ‡≤§‡≤™‡≥ç‡≤™‡≥Å ‡≤π‡≤∞‡≤ø‡≤µ‡≥Å ‡≤Ü‡≤ó‡≤¨‡≥á‡≤ï‡≥Å....n‡≤®‡≤®‡≥ç‡≤® ‡≤Æ‡≥Ç‡≤≤‡≤ï ‡≤®‡≤ø‡≤Æ‡≥ç‡≤Æ ‡≤™‡≥ç‡≤∞‡≤Ø‡≤§‡≥ç‡≤®‡≤ï‡≥ç‡≤ï‡≥Ü ‡≤π‡≥É‡≤¶‡≤Ø ‡≤™‡≥Ç‡≤∞‡≤ï ‡≤ß‡≤®‡≥ç‡≤Ø‡≤µ‡≤æ‡≤¶‡≤ó‡≤≥‡≥Å .
1,osm bro ü§£ü§£ü§£tiktok shok madutidru avayalla ü§£ü§£ü§£ü§£ü§£
1,parthasarathi ‡≤π ‡≤®‡≥Ä‡≤®‡≥Å ‡≤Æ‡≥Å‡≤Ç‡≤°‡≥Ü ‡≤® ‡≤é‡≤≤‡≥ç‡≤≤‡≤æ ‡≤Æ‡≥Å‡≤Ç‡≤°‡≥Ü‡≤ó‡≤Ç‡≤°‡≤æ ‡≤® ..? i still confused
1,it's amazing movie. i think promotion sari agilla anta anista ide
0,‡≤∏‡≥Ç‡≤™‡≤∞‡≥ç ‡≤ó‡≥Å‡≤∞‡≥Å vp voice ultimate
0,‡≤®‡≥Ä‡≤µ‡≥Å ‡≤π‡≥á‡≤≥‡≤ø‡≤¶‡≥ç‡≤¶‡≤∞‡≤≤‡≥ç‡≤≤‡≤ø ‡≤é‡≤®‡≥Ç ‡≤§‡≤™‡≥ç‡≤™‡≤ø‡≤≤‡≥ç‡≤≤ ...
0,suuper bro... nan idu vargu tik tok app install made illa
0,ee haadu spotify dalli yaake illa
1,‡≤¶‡≤ø‡≤Ø‡≤æ ‡≤Æ‡≤§‡≥ç‡≤§‡≥Å ‡≤≤‡≤µ‡≥ç ‡≤Æ‡≤æ‡≤ï‡≤ü‡≥Ü‡≤≤ ‡≤ö‡≤ø‡≤§‡≥ç‡≤∞‡≤¶ ‡≤¨‡≤ó‡≥ç‡≤ó‡≥Ü ‡≤™‡≥ç‡≤∞‡≤ö‡≤æ‡≤∞ ‡≤ï‡≤Æ‡≥ç‡≤Æ‡≤ø ‡≤Ü‡≤ó‡≤ø‡≤¶‡≥Ü
0,niv helthiro hela mathu 100% sathya anna
0,hwdu guru alredy 30 sala nodidini
0,tik tok banu nan kicha sudeep fanu egide comment madi
1,yavd yavd movie ge hogi dud kharch madidvi...bejaragi hogad bittivi...dia movie mobile li nodid mele theater nali nodbeku anstide...
0,hela kannada people please go and watch the movieee avana sri man narayana kannada cinema nodi ü§ókannada jai karnataka mathee
1,‡≤¶‡≥á‡≤∂‡≤ï‡≥ç‡≤ï‡≥ã‡≤∏‡≥ç‡≤ï‡≤∞ ‡≤í‡≤Ç‡≤¶‡≥Å app uninstall ‡≤Æ‡≤æ‡≤°‡≥ä‡≤ï‡≥Ü ‡≤Ü‡≤ó‡≤≤‡≥ç‡≤≤ ‡≤á‡≤µ‡≤∞‡≤ø‡≤ó‡≥Ü ‡≤•‡≥Ç ‡≤á‡≤µ‡≤∞ ‡≤ú‡≤®‡≥ç‡≤Æ‡≤ï‡≥ç‡≤ï‡≥Ü
1,views struck aagide guru
0,tik tok ban agirodike nange tumba tumba kushi ide happy ü•∞
0,nanu nodide suuuuuuuuuupppper innomme nodtini
0,just woww super prajju anna!! gud luck
1,‡≤Æ‡≥ä‡≤¨‡≥à‡≤≤‡≤≤‡≥ç‡≤≤‡≤ø ‡≤Ö‡≤∑‡≥ç‡≤ü‡≥ä‡≤Ç‡≤¶‡≥ç ‡≤í‡≤≥‡≥ç‡≤≥‡≥á ‡≤ï‡≥ç‡≤≤‡≤æ‡≤∞‡≤ø‡≤ü‡≤ø‡≤≤‡≤ø ‡≤¨‡≤ø‡≤ü‡≥ç‡≤ü‡≤ø‡≤¶‡≥ç‡≤¶‡≤æ‡≤∞‡≥Ü. ‡≤é‡≤≤‡≥ç‡≤∞‡≥Ç ‡≤°‡≥å‡≤®‡≥ç‚Äå‡≤≤‡≥ã‡≤°‡≥ç ‡≤Æ‡≤æ‡≤°‡≥ç‡≤ï‡≥ä‡≤Ç‡≤°‡≥ç ‡≤®‡≥ã‡≤°‡≥ç‡≤§‡≤ø‡≤¶‡≤æ‡≤∞‡≥Ü. ‡≤•‡≤ø‡≤Ø‡≥á‡≤ü‡≤∞‡≤ø‡≤ó‡≥Ü ‡≤ú‡≤® ‡≤¨‡≤∞‡≤¶‡≥á ‡≤á‡≤∞‡≤≤‡≥Å ‡≤ï‡≤æ‡≤∞‡≤£ ‡≤Æ‡≥ä‡≤¨‡≥à‡≤≤‡≤≤‡≥ç‡≤≤‡≤ø ‡≤≤‡≥Ä‡≤ï‡≥ç ‡≤Ü‡≤ó‡≤ø‡≤∞‡≥ã‡≤¶‡≥Å.
0,super bro i am happy tik tok ban agidu super our modi ji super hero
1,hadu tubna hucu hedseda
0,‡≤™‡≤ú‡≥ç‡≤ú‡≥Å ‡≤∏‡≤∞‡≥ç ‡≤ó‡≥Ü ‡≤í‡≤≥‡≥ç‡≤≥‡≥Ü ‡≤∏‡≤ï‡≥ç‡≤∏‡≤∏‡≥ç ‡≤∏‡≤ø‡≤ó‡≥ç‡≤≤‡≤ø ‡≤§‡≥Å‡≤Ç‡≤¨‡≤æ ‡≤ö‡≤®‡≥ç‡≤®‡≤æ‡≤ó‡≤ø‡≤¶‡≥Ü ‡≤ü‡≥ç‡≤∞‡≥à‡≤≤‡≤∞‡≥ç
0,song super annuru hands up madi
0,avane shriman narayan movie paka 100 days
0,enta matu super
0,like father like son jaga mechchuvanta manushya.
0,‡≤ï‡≤Ç‡≤ö‡≤ø‡≤® ‡≤ï‡≤Ç‡≤†‡≤¶‡≤≤‡≥ç‡≤≤‡≤ø ‡≤Æ‡≥Ç‡≤°‡≤ø ‡≤¨‡≤Ç‡≤¶ ‡≤§‡≥ä‡≤ó‡≤∞‡≤ø‡≤§‡≤ø‡≤™‡≥ç‡≤™ ‡≤π‡≤≥‡≥á ‡≤®‡≥Ü‡≤®‡≤™‡≥Å ‡≤§‡≤æ‡≤ú‡≤æ ‡≤Æ‡≤æ‡≤°‡≤ø‡≤§‡≥Å
0,‡≤è‡≤®‡≥Ü‚Äå ‡≤Ü‡≤ó‡≤≤‡≤ø ‡≤Æ‡≥Å‡≤Ç‡≤¶‡≥Ü ‡≤∏‡≤æ‡≤ó‡≥Å ‡≤®‡≤ø
0,hands up ‡≤∞‡≤ï‡≥ç‡≤∑‡≤ø‡≤§‡≥ç ‡≤∂‡≥Ü‡≤ü‡≥ç‡≤ü‡≤ø fans
1,super sir
0,‡≤®‡≤ø‡≤Æ‡≥ç‡≤Æ ‡≤ú‡≥Ä‡≤µ‡≤® ‡≤á‡≤®‡≥ç‡≤®‡≥Ç ‡≤ö‡≥Ü‡≤®‡≥ç‡≤®‡≤æ‡≤ó‡≤ø ‡≤á‡≤∞‡≤≤‡≤ø
0,‡≤ú‡≥à ‡≤ï‡≤®‡≥ç‡≤®‡≤°
0,‡≤∂‡≤Ç‡≤≠‡≥Å ‡≤¨‡≤≥‡≥Ü‡≤ó‡≤æ‡≤∞ ‡≤∏‡≤∞‡≥ç ‡≤ó‡≥Ü ‡≤§‡≥Å‡≤Ç‡≤¨‡≤æ ‡≤¶‡≤®‡≥ç‡≤Ø‡≤µ‡≤æ‡≤¶‡≤ó‡≤≥‡≥Å
1,‡≤ï‡≤®‡≥ç‡≤®‡≤° ‡≤í‡≤Ç‡≤¶‡≥á ‡≤≠‡≤æ‡≤∑‡≥Ü‡≤Ø‡≤≤‡≥ç‡≤≤‡≤ø ‡≤¨‡≤ï‡≥Ü‡≤ü‡≥ç‡≤¶‡≥Å ‡≤ï‡≥Ü‡≤ú‡≤ø‡≤é‡≤´‡≥ç ‡≤∞‡≤ø‡≤≤‡≥Ä‡≤∏‡≥ç ‡≤Æ‡≤æ‡≤°‡≤ø‡≤¶‡≥ç‡≤∞‡≥Ü 100 ‡≤ï‡≥ã‡≤ü‡≤ø ‡≤Ö‡≤Ç‡≤§ ‡≤™‡≥Å‡≤Ç‡≤ó‡≤ø‡≤∏‡≥ã‡≤ï‡≥Ü ‡≤Ü‡≤ó‡≤≤‡≥ç‡≤≤ ‡≤Ö‡≤Ç‡≤§ ‡≤™‡≤æ‡≤®‡≥ç ‡≤á‡≤Ç‡≤°‡≤ø‡≤Ø‡≤æ ‡≤Ö‡≤Ç‡≤§ ‡≤Æ‡≤æ‡≤°‡≤ø‡≤¶‡≥ç‡≤∞‡≥Å ‡≤π‡≤æ‡≤ó‡≥Ü ‡≤ï‡≤®‡≥ç‡≤®‡≤° ‡≤í‡≤Ç‡≤¶‡≥á ‡≤≠‡≤æ‡≤∑‡≥Ü‡≤Ø‡≤≤‡≥ç‡≤≤‡≤ø ‡≤∞‡≤ø‡≤≤‡≥Ä‡≤∏‡≥ç ‡≤Æ‡≤æ‡≤°‡≤ø‡≤¶‡≥ç‡≤∞‡≥Ü ‡≤™‡≥ç‡≤≤‡≤æ‡≤™‡≥ç ‡≤Ü‡≤¶‡≥ç‡≤∞‡≥Ü ‡≤π‡≤ø‡≤ü‡≥ç ‡≤Ö‡≤Ç‡≤§ ‡≤π‡≥á‡≤≥‡≥ç‡≤∏‡≥ã‡≤ï‡≥Ü ‡≤Ü‡≤ó‡≤≤‡≥ç‡≤≤ ‡≤Ö‡≤Ç‡≤§ ‡≤™‡≤æ‡≤®‡≥ç ‡≤á‡≤Ç‡≤°‡≤ø‡≤Ø‡≤æ ‡≤Æ‡≤æ‡≤°‡≤ø 250 ‡≤ï‡≥ã‡≤ü‡≤ø ‡≤Ö‡≤Ç‡≤§ ‡≤™‡≥Å‡≤Ç‡≤ó‡≤ø ‡≤¨‡≤ø‡≤ü‡≥ç‡≤∞‡≥Å ‡≤Ü‡≤¶‡≥ç‡≤∞‡≥Ü ‡≤¨‡≤ï‡≥Ü‡≤ü‡≥ç ‡≤Æ‡≥Ç‡≤µ‡≤ø ‡≤¨‡≤°‡≥ç‡≤ú‡≥Ü‡≤ü‡≥ç ‡≤è‡≤∞‡≤ø‡≤≤‡≥ç‡≤≤ ‡≤∞‡≥Ü‡≤Æ‡≥ç‡≤Ø‡≥Å‡≤®‡≥Ü‡≤∞‡≥Ü‡≤∑‡≤®‡≥ç ‡≤è‡≤∞‡≤ø‡≤≤‡≥ç‡≤≤ ‡≤à‡≤ó ‡≤Ö‡≤¶‡≥á ‡≤¨‡≤ï‡≥Ü‡≤ü‡≥ç ‡≤´‡≤æ‡≤∞‡≥ç‡≤Æ‡≥Å‡≤≤‡≤æ ‡≤∞‡≤ï‡≥ç‡≤∑‡≤ø‡≤§‡≥ç ‡≤π‡≤ø‡≤°‡≤ø‡≤§‡≤µ‡≥ç‡≤®‡≥Ü ‡≤Ü‡≤¶‡≥ç‡≤∞‡≥Ü ‡≤à ‡≤Æ‡≤Ç‡≤ó ‡≤Æ‡≥Å‡≤Ç‡≤°‡≥á‡≤µ‡≥Å ‡≤è‡≤®‡≥á ‡≤∏‡≤∞‡≥ç‡≤ï‡≤∏‡≥ç ‡≤Æ‡≤æ‡≤°‡≤ø‡≤¶‡≥ç‡≤∞‡≥Å ‡≤™‡≥Å‡≤Ç‡≤ó‡≤ø ‡≤¨‡≤ø‡≤ü‡≥ç‡≤∞‡≥Å ‡≤™‡≥ç‡≤∞‡≥ä‡≤°‡≥ç‡≤Ø‡≥Å‡≤∏‡≤∞‡≥ç ‡≤Ø‡≤æ‡≤µ‡≤®‡≥ç ‡≤á‡≤µ‡≥ç‡≤∞‡≥Å ‡≤π‡≤§‡≥ç‡≤§‡≤ø‡≤∞ ‡≤¨‡≤∞‡≤≤‡≥ç‡≤≤ ‡≤¨‡≤ø‡≤°‡≥ç‡≤∞‡≥ã ‡≤Ö‡≤¶‡≥á ‡≤≤‡≥ã ‡≤¨‡≤°‡≥ç‡≤ú‡≥Ü‡≤ü‡≥ç ‡≤™‡≥ç‡≤∞‡≥ä‡≤°‡≥ç‡≤Ø‡≥Å‡≤∏‡≤∞‡≥ç ‡≤¨‡≤∞‡≥ç‡≤¨‡≥á‡≤ï‡≥Å ‡≤Ö‡≤∑‡≥ç‡≤ü‡≥á
0,pop corn monkey tiger kuda super idr
1,boy yappa modlu arta ago tara type maadu
0,g dambal
0,karnataka janeteinda all the best movie ge olledagaliü•∞ü•∞
1,karnatakakke bandaddela sullu swami swalpa reel biduvaga alochane maadi bidu
0,anna song super agi helidira sakath agi ide songdabbaaaaa tiktok
0,dada fans ‡≤ï‡≤°‡≥Ü‡≤Ø‡≤ø‡≤Ç‡≤¶ ‡≤Ö‡≤≤‡≥ç‡≤≤ ‡≤¶ ‡≤¨‡≥Ü‡≤∏‡≥ç‡≤ü‡≥ç
0,nija film ast channagidya nanu nodide nange kandita arta agle illa
0,‡≤∞‡≤∂‡≥ç‡≤Æ‡≤ø‡≤ï‡≤æ ‡≤Æ‡≤¶‡≤® ‡≤°‡≤ó‡≤æ‡≤∞‡≥ç
0,hindi. ?
0,super anna jai d boss
0,‡≤®‡≤®‡≥ç‡≤® ‡≤ï‡≤£‡≥ç‡≤£‡≤Ç‡≤ö‡≥ç‡≤ö‡≤≤‡≤ø ‡≤®‡≥Ä‡≤∞‡≥Å ‡≤¨‡≤Ç‡≤§‡≥Å..sir ur great
0,idu charitre srushtiso avatara...rakshith shetty fans like here
0,nammantavrge spoorti nivu sir
0,binduge saryagi ugithidira good go ahead we are enjoying well
0,‡≤®‡≤æ‡≤®‡≥Å ‡≤∏‡≥Å‡≤Æ‡≤æ‡≤∞‡≥Å ‡≤à ‡≤π‡≤æ‡≤°‡≤®‡≥ç‡≤®‡≥Å ‡≤π‡≤¶‡≤ø‡≤®‡≥à‡≤¶‡≥Å ‡≤¨‡≤æ‡≤∞‡≤ø ‡≤®‡≥ã‡≤°‡≤ø‡≤¶‡≥ç‡≤¶‡≥á‡≤®‡≥Ü ‡≤Ø‡≤æ‡≤ï‡≥Ü ‡≤ó‡≥ä‡≤§‡≥ç‡≤§‡≤ø‡≤≤‡≥ç‡≤≤ ‡≤á‡≤®‡≥ç‡≤®‡≥Å ‡≤®‡≥ã‡≤°‡≤¨‡≥á‡≤ï‡≥Å ‡≤®‡≥ã‡≤°‡≤¨‡≥á‡≤ï‡≥Å ‡≤Ö‡≤®‡≤ø‡≤∏‡≥Å‡≤§‡≥ç‡≤§‡≤¶‡≥Ü... ‡≤Ö‡≤¶‡≥á‡≤§‡≤∞ ‡≤í‡≤Ç‡≤¶‡≤ï‡≥ç‡≤ï‡≤ø‡≤Ç‡≤§ ‡≤π‡≥Ü‡≤ö‡≥ç‡≤ö‡≥Å ‡≤¨‡≤æ‡≤∞‡≤ø ‡≤®‡≥ã‡≤°‡≥Å‡≤§‡≥ç‡≤§‡≤≤‡≥á ‡≤á‡≤∞‡≥Å‡≤µ‡≤µ‡≤∞‡≥Å ‡≤≤‡≥à‡≤ï‡≥ç ‡≤Æ‡≤æ‡≤°‡≤ø
1,ningappa hutagannavar the best way is 4u√≠ykhfjklbgkk√±
0,tik tok tarane act madidre hana sigutalva edanne etkondu. nam government mane manege items kottu products ready madi adanna videshakka marata madbeku matte nam janakke kamishon kotre voledalva. nam jangala kayyalli yake kelsa madkotilla .
0,jadesh kumar anna.. trailer is dashing
0,‡≤∏‡≥Ç‡≤™‡≤∞‡≥ç ‡≤¨‡≥ç‡≤∞‡≥ã
1,shetty nyeno alpa swalpa budhi upiyogiside
1,‡≤®‡≤®‡≥ç shata fil ‡≤Æ‡≤æ‡≤°‡≤¶‡≥Ü bro
0,deserves more views.
0,‡≤Ö‡≤£‡≥ç‡≤£ ‡≤∏‡≤∞‡≤ø‡≤Ø‡≤æ‡≤ó‡≤ø ‡≤π‡≥á‡≤≥‡≥ç‡≤¶‡≥Ü .. super.
0,‡≤ö‡≤Ç‡≤¶‡≤®‡≥ç ‡≤∂‡≥Ü‡≤ü‡≥ç‡≤ü‡≤ø ‡≤ü‡≥ç‡≤∞‡≥ä‡≤≤‡≥ç ‡≤µ‡≤ø‡≤°‡≤ø‡≤Ø‡≥ã ‡≤®‡≥Ä‡≤µ‡≥Å ‡≤®‡≥ã‡≤°‡≤ø ‡≤®‡≥Ü‡≤ó‡≤°‡≥ç‡≤°‡≥Ü ‡≤á‡≤¶‡≥ç‡≤∞‡≥Ü ‡≤®‡≤æ‡≤µ‡≥ç ‡≤ó‡≥ç‡≤Ø‡≤æ‡≤∞‡≤Ç‡≤ü‡≤ø
0,‡≤á‡≤µ‡≤∞‡≥ç‡≤® ‡≤ö‡≥Ä‡≤®‡≤æ ‡≤¨‡≥ã‡≤∞‡≥ç‡≤°‡≤∞‡≥ç‡≤ó‡≥Ü ‡≤ï‡≤≥‡≤∏‡≤¨‡≥á‡≤ï‡≥Å ‡≤ó‡≥ä‡≤§‡≥ç‡≤§ ‡≤Ü‡≤ó‡≥Å‡≤§‡≥ç‡≤§‡≥Ü
0,‡≤ó‡≥Å‡≤∞‡≥Å ‡≤®‡≤ø‡≤®‡≤ó‡≥Ü ‡≤ß‡≤®‡≥ç‡≤Ø‡≤µ‡≤æ‡≤¶‡≤ó‡≤≥‡≥Å
0,‡≤ï‡≤∞‡≥ç‡≤®‡≤æ‡≤ü‡≤ï‡≤¶ ‡≤∂‡≥ç‡≤∞‡≥Ä‡≤Æ‡≤®‡≥ç‡≤®‡≤æ‡≤∞‡≤æ‡≤Ø‡≤£ ‡≤¨‡≤ó‡≥ç‡≤ó‡≥Ü ‡≤§‡≤≤‡≥Ü ‡≤ï‡≥Ü‡≤°‡≤ø‡≤∏‡≤ø‡≤ï‡≥ä‡≤≥‡≥ç‡≤≥‡≤¨‡≥á‡≤°‡≤ø promotion ‡≤® ‡≤µ‡≤ø‡≤ö‡≤æ‡≤∞‡≤µ‡≤æ‡≤ó‡≤ø ‡≤á‡≤≤‡≥ç‡≤≤‡≤ø‡≤ó‡≥Ü ‡≤®‡≤Æ‡≥ç‡≤Æ ‡≤ü‡≥ç‡≤∞‡≥ã‡≤≤‡≥ç‚Äå‡≤™‡≥á‡≤ú‡≥ç ‡≤®‡≤µ‡≤∞‡≥Ü ‡≤∏‡≤æ‡≤ï‡≥Å..n‡≤ï‡≤∞‡≥ç‡≤®‡≤æ‡≤ü‡≤ï‡≤¶‡≤æ‡≤ö‡≥Ü‡≤ó‡≥Ü ‡≤π‡≥Ü‡≤ö‡≥ç‡≤ö‡≤ø‡≤® ‡≤™‡≥ç‡≤∞‡≤Æ‡≥ã‡≤∑‡≤®‡≥ç‚Äå‡≤® ‡≤Ö‡≤µ‡≤∂‡≥ç‡≤Ø‡≤ï‡≤§‡≥Ü ‡≤á‡≤¶‡≥Ü. ‡≤™‡≥ç‡≤∞‡≤Æ‡≥Å‡≤ñ‡≤µ‡≤æ‡≤ó‡≤ø ‡≤â‡≤§‡≥ç‡≤§‡≤∞ ‡≤≠‡≤æ‡≤∞‡≤§‡≤¶‡≤≤‡≥ç‡≤≤‡≤ø.n‡≤á‡≤¶‡≥Å ‡≤ï‡≤®‡≥ç‡≤®‡≤°‡≤ø‡≤ó‡≤∞ ‡≤µ‡≤ø‡≤®‡≤Ç‡≤§‡≤ø
0,le tiktok hudugira yella pubg banni awm m4 use madodu hege anta helkodtini
0,please ‡≤á‡≤®‡≥ç‡≤®‡≥ä‡≤Ç‡≤¶‡≥Å ‡≤∏‡≤æ‡≤∞‡≤ø re release maadi.
0,supar friend supar
1,kalki you only say brother your name is kalki no then say
1,ü§îü§îü§î hello thamma navu unity maintain madthivi aithu thorskolo avyashyakathe namgila nin cmt nodid kudle yavan avr fanism bidkodala ü§£ü§£ nin kano doddu sede nan maga
0,daily ondhsalanadru ee song na kele kelthivi annovru attendence haki
0,*‡≤á‡≤¶‡≥Å ‡≤ö‡≤∞‡≤ø‡≤§‡≥ç‡≤∞‡≥Ü ‡≤∏‡≥É‡≤∑‡≥ç‡≤†‡≤ø‡≤∏‡≥Ç ‡≤Ö‡≤µ‡≤§‡≤æ‡≤∞ ‡≤®‡≥ã‡≤°‡≤ø ‡≤Ö‡≤µ‡≤®‡≥á ‡≤∂‡≥ç‡≤∞‡≥Ä‡≤Æ‡≤æ‡≤®‡≥ç ‡≤®‡≤æ‡≤∞‡≤æ‡≤Ø‡≤£*
1,sharu nin ammun tullge nan tunne sigaka berke sule magne
0,super bro nim vioce ale ede desha prema full enjoy video super
0,h ahamad bava ‡≤Ö‡≤£‡≥ç‡≤£ ‡≤í‡≤Ç‡≤¶‡≥Ü‡≤∞‡≤°‡≥Å ‡≤™‡≤¶ ‡≤¨‡≤ø‡≤ü‡≥ç‡≤ü‡≥Å ‡≤á‡≤®‡≥ç‡≤®‡≥Ç ‡≤â‡≤≥‡≤ø‡≤¶ ‡≤™‡≤¶ ‡≤Ö‡≤ö‡≥ç‡≤ö ‡≤ï‡≤®‡≥ç‡≤®‡≤°‡≤¶‡≤≤‡≥ç‡≤≤‡≤ø ‡≤á‡≤¶‡≥Ü ‡≤Ö‡≤≤‡≥ç‡≤µ‡≤æ?
0,‡≤§‡≥Å‡≤Ç‡≤¨‡≤æ ‡≤®‡≤ó‡≥Å ‡≤¨‡≤Ç‡≤§‡≥Å ‡≤ó‡≥Å‡≤∞‡≥Å
0,bgm..nnwaiting avane srimannarayan and yuvarthnaa
1,addu. pubg alla. guru. sumney. elbedda
1,kumar banthu jaathi naayi savi savi nenapu soole sudeepu pans for a reason ü§£ü§™
1,yav ree dislike kodoru kannada movies belibek fist kannada next hero's elru nammavare...
0,ondu sakagalla inna beku
0,entertainment andre hidu huliyaaaa
0,nin video delete agolla bidu bro ninge nav support madtivi innu e tara videos na mattastu madu chaina bucket galige tale kediskobeda
1,prakash kittoyta?
0,anna game yavudu anna adu
0,‡≤à ‡≤π‡≤æ‡≤°‡≥Å ‡≤ö‡≤∞‡≤ø‡≤§‡≥ç‡≤∞‡≥Ü ‡≤∏‡≥É‡≤∑‡≥ç‡≤ü‡≤ø‡≤∏‡≥Å‡≤§‡≥ç‡≤§‡≥Ü ‡≤Ö‡≤®‡≥ç‡≤®‡≥ã‡≤∞‡≥Å ‡≤≤‡≥à‡≤ï‡≥ç ‡≤Æ‡≤æ‡≤°‡≤ø
0,‡≤π‡≤æ‡≤°‡≤ø‡≤®‡≤≤‡≥ç‡≤≤‡≤ø‡≤∞‡≥Å‡≤µ ‡≤™‡≤¶‡≤™‡≥Å‡≤Ç‡≤ú‡≤µ‡≤®‡≥ç‡≤®‡≥Å ‡≤¨‡≤≥‡≤ø‡≤∏‡≤ø‡≤¶ ‡≤∞‡≥Ä‡≤§‡≤ø‡≤Ø‡≥á ‡≤Ö‡≤§‡≤ø ‡≤Ö‡≤¶‡≥ç‡≤≠‡≥Å‡≤§....
0,‡≤¶‡≥á‡≤∂ ‡≤ï‡≤æ‡≤Ø‡≤ï‡≥ç‡≤ï‡≥Ü ‡≤Ø‡≥ã‡≤ß ‡≤á‡≤∞‡≤¨‡≥á‡≤ï‡≥Å ‡≤§‡≥Ä‡≤∞‡≤ø‡≤™‡≥Ü ‡≤∂‡≥ã‡≤ï‡≤ø ‡≤Æ‡≤æ‡≤°‡≤ø‡≤¶‡≤µ‡≤∞‡≤ø‡≤ó‡≥Ü ‡≤ü‡≥ç‡≤∞‡≥ã‡≤≤‡≥ç ‡≤Æ‡≤æ‡≤°‡≥ã‡≤∞‡≥Å ‡≤á‡≤∞‡≤¨‡≥á‡≤ï‡≥Å
0,pubge sontekorya kano
0,promotion ‡≤ö‡≤®‡≥ç‡≤®‡≤æ‡≤ó‡≤ø ‡≤Æ‡≤æ‡≤°‡≤ø sir. yeno sir karnataka outside film sound ‡≤Æ‡≤æ‡≤°‡≥ç‡≤§‡≤æ ‡≤á‡≤≤‡≥ç‡≤≤. ‡≤®‡≤ø‡≤Æ‡≤ó‡≤ø‡≤Ç‡≤§ ‡≤®‡≤Æ‡≤ø‡≤ó‡≥Ü ‡≤à ‡≤´‡≤ø‡≤≤‡≥ç‡≤Æ ‡≤π‡≤ø‡≤ü‡≥ç ‡≤Ü‡≤ó‡≤≤‡≥ç‡≤≤‡≤ø ‡≤Ö‡≤®‡≥ã ‡≤Ü‡≤∏‡≥Ü ‡≤á‡≤¶‡≥Ü sir.
1,thu thukali trailer
0,super gichhi gili gili boss
0,jogimane okay
0,nim matalle gottagutte neevu estu positive anta
1,re e video post agiddu yavaga apps ban agirodu yavaga adu moldu nodir sumne yeneno mathadbedi
1,shivamogga **uter
1,worst song ever...
0,‡≤á‡≤¶‡≥Å ‡≤∞‡≤ï‡≥ç‡≤∑‡≤ø‡≤§‡≥ç ‡≤∂‡≥Ü‡≤ü‡≥ç‡≤ü‡≤ø ‡≤ö‡≤∞‡≤ø‡≤§‡≥ç‡≤∞‡≥Ü ‡≤∏‡≥É‡≤∑‡≥ç‡≤ü‡≤ø‡≤∏‡≥ã ‡≤Ö‡≤µ‡≤§‡≤æ‡≤∞ n‡≤®‡≤ø‡≤Æ‡≥ç‡≤Æ‡≤Ç‡≤§‡≤π ‡≤∏‡≥É‡≤ú‡≤®‡≤∂‡≥Ä‡≤≤ ‡≤Æ‡≤§‡≥ç‡≤§‡≥Å ‡≤ö‡≤æ‡≤£‡≤ï‡≥ç‡≤Ø movie maker ‡≤®‡≤Æ‡≥ç‡≤Æ ‡≤ï‡≤∞‡≥ç‡≤®‡≤æ‡≤ü‡≤ï‡≤¶‡≤≤‡≥ç‡≤≤‡≤ø ‡≤á‡≤∞‡≥Å‡≤µ‡≥Å‡≤¶‡≥Å ‡≤®‡≤Æ‡≤ó‡≥Ü ‡≤π‡≥Ü‡≤Æ‡≥ç‡≤Æ‡≥Ü
1,vijaykumar s kumsi hotelnkumsi
0,‡≤®‡≤Æ‡≥ç‡≤Æ ‡≤ö‡≤Ç‡≤¶‡≤®‡≤µ‡≤®‡≤¶ ‡≤ö‡≤≤‡≤®‡≤ö‡≤ø‡≤§‡≥ç‡≤∞‡≤ó‡≤≥‡≥Å ‡≤§‡≥Å‡≤Ç‡≤¨‡≤æ ‡≤µ‡≤ø‡≤≠‡≤ø‡≤®‡≥ç‡≤®‡≤µ‡≤æ‡≤ó‡≤ø ‡≤µ‡≤ø‡≤∂‡≤ø‡≤∑‡≥ç‡≤ü‡≤µ‡≤æ‡≤ó‡≤ø ‡≤∏‡≥Å‡≤Ç‡≤¶‡≤∞‡≤µ‡≤æ‡≤ó‡≤ø ‡≤Æ‡≥Ç‡≤°‡≤ø ‡≤¨‡≤∞‡≥Å‡≤§‡≥ç‡≤§‡≤µ‡≥Ü ‡≤á‡≤¶‡≥Å ‡≤®‡≤Æ‡≥ç‡≤Æ ‡≤π‡≥Ü‡≤Æ‡≥ç‡≤Æ‡≥Ü‡≤Ø ‡≤ï‡≤®‡≥ç‡≤®‡≤°‡≤¶ ‡≤∏‡≤ø‡≤®‡≤ø‡≤Æ‡≤æ‡≤ó‡≤≥‡≥Å ‡≤Ø‡≤æ‡≤µ ‡≤™‡≤∞ ‡≤¨‡≤æ‡≤∑‡≥Ü ‡≤ö‡≤≤‡≤®‡≤ö‡≤ø‡≤§‡≥ç‡≤∞‡≤ó‡≤≥‡≤ø‡≤ó‡≥Ç ‡≤®‡≤Æ‡≥ç‡≤Æ ‡≤ï‡≤®‡≥ç‡≤®‡≤° ‡≤∏‡≤ø‡≤®‡≤ø‡≤Æ‡≤Æ‡≤æ‡≤ó‡≤≥‡≥Å ‡≤ï‡≤Æ‡≥ç‡≤Æ‡≤ø ‡≤á‡≤≤‡≥ç‡≤≤ ‡≤ï‡≤®‡≥ç‡≤®‡≤°‡≤µ‡≥á ‡≤∏‡≤§‡≥ç‡≤Ø ‡≤ï‡≤®‡≥ç‡≤®‡≤°‡≤µ‡≥á ‡≤®‡≤ø‡≤§‡≥ç‡≤Ø
0,super singing by vijay prakash...
0,dina 7-8 sala song kelisikontini.
0,bahala varshada nantara togari tippa hasya keli santosh aayitu thank you for this video
0,an voice super story nakku nakku otte hunnatri
0,chenagide anta pade pade nodoru swalpa husharu data khali aguthe
0,movie is super
1,ha gandu sule maga sikkre katte mele meravanige madi kallu odedu sayisbeku
0,next level gurunin benki bhai
0,osm vedio anna
1,spalling misteek madbardu.... adu d boos
0,‡≤®‡≤ø‡≤ú‡≤µ‡≤æ‡≤ó‡≤ø‡≤Ø‡≥Ç ‡≤Ö‡≤£‡≥ç‡≤£ hands off to you.. ‡≤ß‡≤®‡≥ç‡≤Ø‡≤µ‡≤æ‡≤¶‡≤ó‡≤≥‡≥Å...
0,‡≤ö‡≤Ç‡≤¶‡≤®‡≥ç ‡≤∂‡≥Ü‡≤ü‡≥ç‡≤ü‡≤ø ‡≤ü‡≥ç‡≤∞‡≥ä‡≤≤‡≥ç ‡≤µ‡≤ø‡≤°‡≤ø‡≤Ø‡≥ã ‡≤®‡≥Ä‡≤µ‡≥Å ‡≤®‡≥ã‡≤°‡≤ø ‡≤®‡≥Ü‡≤ó‡≤°‡≥ç‡≤°‡≥Ü ‡≤á‡≤¶‡≥ç‡≤∞‡≥Ü ‡≤®‡≤æ‡≤µ‡≥ç ‡≤ó‡≥ç‡≤Ø‡≤æ‡≤∞‡≤Ç‡≤ü‡≤ø
0,nimma news keltha eddre
0,sir ‡≤®‡≤ø‡≤Æ‡≥ç‡≤Æ ‡≤Æ‡≤æ‡≤§‡≥Å 100 ‡≤ï‡≥ç‡≤ï‡≥Ü ‡≥ß‡≥¶‡≥¶% ‡≤∏‡≤§‡≥ç‡≤Ø..
0,but kone yalli police magala jeevana da bagge clarity kodbekittu... nidondu bittu film matra
0,thumba chennagide nimma abhipraya..
0,idu charitre srastiso avatara
0,‡≤ö‡≤Ç‡≤¶‡≤®‡≥ç ‡≤∂‡≥Ü‡≤ü‡≥ç‡≤ü‡≤ø ‡≤ü‡≥ç‡≤∞‡≥ä‡≤≤‡≥ç ‡≤µ‡≤ø‡≤°‡≤ø‡≤Ø‡≥ã ‡≤®‡≥Ä‡≤µ‡≥Å ‡≤®‡≥ã‡≤°‡≤ø ‡≤®‡≥Ü‡≤ó‡≤°‡≥ç‡≤°‡≥Ü ‡≤á‡≤¶‡≥ç‡≤∞‡≥Ü ‡≤®‡≤æ‡≤µ‡≥ç ‡≤ó‡≥ç‡≤Ø‡≤æ‡≤∞‡≤Ç‡≤ü‡≤ø
0,chaithra enu sinchana gottaglilla
1,tejashands up ande kai ettu annadukka agutta
0,e film yar yar nodiddera ü§ò like madi
0,yanta jana brother nam deshakkoskara 1 app delete madoke agalva avarige
0,super jai kiccha sudeep anna
0,parvagilla....buzz is good in hindi too..see bms
0,yas re relis madi
0,arajun galagali thippesh
1,onde ond cmnt ketudag idre torso childeü§£ü§£nnamdu olle respected family nimdeno gotila...modlu tilkond helu bayig bandang helak nangu barutte...nan hesru katkond ningen agbeku
0,ashwatama ge kannada barutte yenri
1,‡≤ö‡≤Ç‡≤¶‡≤®‡≥ç ‡≤∂‡≥Ü‡≤ü‡≥ç‡≤ü‡≤ø ‡≤ü‡≥ç‡≤∞‡≥ä‡≤≤‡≥ç ‡≤µ‡≤ø‡≤°‡≤ø‡≤Ø‡≥ã ‡≤®‡≥Ä‡≤µ‡≥Å ‡≤®‡≥ã‡≤°‡≤ø ‡≤®‡≥Ü‡≤ó‡≤°‡≥ç‡≤°‡≥Ü ‡≤á‡≤¶‡≥ç‡≤∞‡≥Ü ‡≤®‡≤æ‡≤µ‡≥ç ‡≤ó‡≥ç‡≤Ø‡≤æ‡≤∞‡≤Ç‡≤ü‡≤ø
0,‡≤¨‡≤æ‡≤≥ ‡≤ö‡≥ä‡≤≤‡≥ã ‡≤ê‡≤§‡≥ç‡≤∞‡≤ø ‡≤®‡≥å‡≤®‡≥ç ‡≤ï‡≤•‡≤ø
1,dislike madiroro rashmika fans irbeku
1,innu iste views agidda!! song yak hit agilla
0,sir social media bittu horgade thumba publicity beku dayavitu madi
0,awsum guru enu swalpa hugiri
0,bharatadalli experience kelidre en madodu? nav hosa kelsa madoke ready idivi
0,‡≤∏‡≥Ç‡≤™‡≤∞‡≥ç voice and i am very happy for banning tiktok app
0,i lv u sir
0,chindi song guru
0,swabhimana da baduku sartaka
1,super bro e nayiigulu erodrindane nam desha uddar agilla once again super bro
1,bharatadalli vanchakarige gourava jasti.
0,good ..but small dout karavali bittu berekade content sigalva.
0,film suprrrrrr agi ede full clean film
1,dislikers r fans of rasmika
0,chindi song vijay prakash fans hit like here
1,nimge interview madoke bere jaga sekilwa ü§¶
0,adhakalva janarige dharsan fav..avn adhe tharadh movie madudh
1,one more lucia movie
0,my favorite songs
0,supper guru
0,jai d boss
1,kumar yadav lo thamma nanu copy madidare antha yello helidini.. ratasasan movie bgm inspiration indha idhna madidare andirodhu.. nav yav telugu movie nu nodalla kannadake modala adhyathe namdhu
0,‡≤∏‡≤∞‡≥ç ‡≤π‡≤ø‡≤Ç‡≤¶‡≤ø song ‡≤¨‡≥á‡≤ó ‡≤¨‡≤ø‡≤°‡≤ø
0,‡≤á‡≤¶‡≥Å ‡≤ö‡≤∞‡≤ø‡≤§‡≥ç‡≤∞‡≥Ü ‡≤∏‡≥É‡≤∑‡≥ç‡≤ü‡≤ø‡≤∏‡≥Ç ‡≤Ö‡≤µ‡≤§‡≤æ‡≤∞
0,‡≤ï‡≤®‡≥ç‡≤®‡≤° ‡≤ö‡≤ø‡≤§‡≥ç‡≤∞‡≤∞‡≤Ç‡≤ó ‡≤¨‡≥Ü‡≤≥‡≤µ‡≤£‡≤ø‡≤ó‡≥Ü ‡≤∏‡≥Å‡≤∞‡≥Å ‡≤Ü‡≤Ø‡≥ç‡≤§‡≥Å ‡≤ú‡≥à ‡≤ï‡≤®‡≥ç‡≤®‡≤°‡≤æ‡≤Ç‡≤¨‡≥Ü
1,super song jai dboss
0,3.39 ‡≤∞‡≥Ä‡≤∑‡≤≠‡≥ç ‡≤∂‡≥Ü‡≤ü‡≥ç‡≤ü‡≤ø
0,‡≤∏‡≥Ç‡≤™‡≤∞‡≥ç ‡≤∏‡≤æ‡≤Ç‡≤ó‡≥ç ‡≤Ü‡≤≤‡≥ç ‡≤¶‡≤ø ‡≤¨‡≥Ü‡≤∏‡≥ç‡≤ü‡≥ç ‡≤∞‡≤ï‡≥ç‡≤∑‡≤ø‡≤§‡≥ç ‡≤∂‡≥Ü‡≤ü‡≥ç‡≤ü‡≤ø ‡≤Ö‡≤£‡≥ç‡≤£
0,‡≤á‡≤∞‡≥ã‡≤¶‡≥Å ‡≤á‡≤∞‡≤≠‡≤µ‡≤¶‡≥ç ‡≤ó‡≥ä‡≤§‡≥ç‡≤§‡≤ø‡≤≤‡≥ç‡≤≤
1,‡≤Ö‡≤∞‡≥ç‡≤ú‡≥Å‡≤®‡≥ç ‡≤ú‡≤®‡≥ç‡≤Ø ‡≤Ö‡≤µ‡≤∞‡≥á ‡≤®‡≥ã‡≤°‡≤ø ‡≤Ö‡≤ú‡≤®‡≥Ä‡≤∂‡≥ç ‡≤≤‡≥ã‡≤ï‡≤®‡≤æ‡≤•‡≥ç ‡≤Ö‡≤§‡≥ç‡≤∞ ‡≤π‡≥ã‡≤ó‡≤ø ‡≤Æ‡≥Ç‡≤∏‡≤ø‡≤ï‡≥ç ‡≤Æ‡≤æ‡≤°‡≥ã‡≤¶‡≤®‡≥ç‡≤® ‡≤ï‡≤≤‡≤ø‡≤Ø‡≤ø‡≤∞‡≤ø ü§£n movie ‡≤ó‡≥Ü ‡≤è‡≤®‡≥ç ‡≤Æ‡≥ç‡≤Ø‡≥Ç‡≤∏‡≤ø‡≤ï‡≥ç ‡≤ï‡≥ä‡≤ü‡≥ç‡≤ü‡≤ø‡≤¶‡≤ø‡≤Ø ‡≤∏‡≥ç‡≤µ‡≤æ‡≤Æ‡≤ø........... ‡≤§‡≥Ç ü§≠ü§≠
0,next kgf........ avane srimannarayana.... blockkkkkkk busterrrrrr
0,my favourite song edu steps super
0,best madali olle belavanige next level sandalwood
0,yaro guru ninu super
0,hindi nalli madi movie oduthe plz
0,yes song super
0,kannada film industry avaru sir solpa nodi rii yen madta ididra inta ashvath sir avara maga ondu sanni veshe dalli kalsa kodi
0,‡≤§‡≥ã‡≤ó‡≤∞‡≤ø ‡≤§‡≤ø‡≤™‡≥ç‡≤™ ‡≤∏‡≥Ç‡≤™‡≤∞‡≥ç
0,sir nim left kaalu samasye iruvudu rinda neevu automatic gear iro gaadi odusbodu alva sir nimage tumba help agute
0,film nodi matte nodbeku annoru like madi
1,corona dhinda theatre alli cinema nodokke aaglilla maga. mathhe nodthini. cinema direction adbutha madidya.
1,parthasarathi ‡≤®‡≤Ç‡≤¶‡≤ø‡≤®‡≤ø ‡≤®‡≤Ç‡≤¶‡≤ø‡≤®‡≤ø ‡≤®‡≤ø‡≤®‡≥ç ‡≤§‡≥Å‡≤≤‡≥ç ‡≤ä‡≤∞‡≥ç ‡≤¨‡≤æ‡≤ó‡≥ç‡≤≤‡≥Å
0,super rakshit boss nim name nange tumbanee ista hagee nim movinu istanee nnnnnn
0,guru i like u
0,‡≤∏‡≤æ‡≤π‡≤ø‡≤§‡≥ç‡≤Ø ‡≤Ö‡≤ß‡≥ç‡≤¨‡≥Å‡≤§ n‡≤∏‡≤ø‡≤®‡≤ø‡≤Æ‡≤æ 100 ‡≤¶‡≤ø‡≤®‡≤µ‡≥Å ‡≤Ö‡≤ß‡≥ç‡≤¨‡≥Å‡≤§ n‡≤Ø‡≤∂‡≤∏‡≥ç‡≤∏‡≥Å ‡≤ï‡≤æ‡≤£‡≤≤‡≤ø
0,ivrna nodidre ashwath avrna nodida hange agutte......nvoice antu ade tara ide
0,‡≤ö‡≤Ç‡≤¶‡≤®‡≥ç ‡≤∂‡≥Ü‡≤ü‡≥ç‡≤ü‡≤ø ‡≤ü‡≥ç‡≤∞‡≥ä‡≤≤‡≥ç ‡≤µ‡≤ø‡≤°‡≤ø‡≤Ø‡≥ã ‡≤®‡≥Ä‡≤µ‡≥Å ‡≤®‡≥ã‡≤°‡≤ø ‡≤®‡≥Ü‡≤ó‡≤°‡≥ç‡≤°‡≥Ü ‡≤á‡≤¶‡≥ç‡≤∞‡≥Ü ‡≤®‡≤æ‡≤µ‡≥ç ‡≤ó‡≥ç‡≤Ø‡≤æ‡≤∞‡≤Ç‡≤ü‡≤ø
0,‡≤Ø‡≤æ‡≤∞‡≥Ü‡≤≤‡≥ç‡≤≤ ‡≤à ‡≤∏‡≤æ‡≤Ç‡≤ó‡≥ç ‡≤Ö‡≤®‡≥ç‡≤®‡≥Å ‡≤¶‡≤ø‡≤®‡≤æ‡≤≤‡≥Ç ‡≤ï‡≥á‡≤≥‡≥Å‡≤§‡≥ç‡≤§‡≥Ä‡≤∞‡≤ø... ü§î
1,parthasarathi ‡≤Ö‡≤Ç‡≤§‡≥Ç ‡≤í‡≤™‡≤ø‡≤ï‡≥ä‡≤Ç‡≤°‡≤≤‡≥ç‡≤≤ ‡≤¶‡≥ä‡≤°‡≥ç‡≤° ‡≤∑‡≤Ç‡≤° ‡≤Ö‡≤Ç‡≤§‡≤æ
1,nayak ‡≤®‡≤ø‡≤Æ‡≥ç‡≤Æ ‡≤Ö‡≤µ‡≥ç‡≤µ ‡≤π‡≤æ‡≤¶‡≤∞‡≤ó‡≤ø‡≤§‡≥ç‡≤§‡≤ø
0,trending number 1
0,awesome song! 2nd shankarnag to kfi
0,‡≤∏‡≥Ç‡≤™‡≤∞‡≥ç ‡≤Ö‡≤£‡≥ç‡≤£ ‡≤®‡≥Ä‡≤ü‡≤æ‡≤ó‡≤ø ‡≤Ö‡≤∞‡≥ç‡≤• ‡≤Ü‡≤ó‡≥ã ‡≤π‡≤æ‡≤ó‡≥Ü ‡≤π‡≥á‡≤≥‡≤ø‡≤¶‡≤ø‡≤Ø ‡≤à ‡≤∂‡≤°‡≥á‡≤ó‡≤≥‡≥Å ‡≤Ö‡≤∞‡≥ç‡≤• ‡≤Æ‡≤æ‡≤°‡≥ç‡≤ï‡≥ã‡≤¨‡≥á‡≤ï‡≥Å
0,music bayankara gurooo.....
0,ivrella nijvaglu nam indian anta ansutte anna yappa istu himse kodtidru tiktok antidaralla yappa nijvaglu ivnella nijvaglu aaisbeku
0,yamma..kivili raktha barthide supper guroo
0,hope this movie will rule indian cinema... ‡≤Ö‡≤µ‡≤®‡≥á ‡≤∂‡≥ç‡≤∞‡≥Ä‡≤Æ‡≤æ‡≤®‡≥ç ‡≤®‡≤æ‡≤∞‡≤æ‡≤Ø‡≤£ ‡≤á‡≤®‡≥ç‡≤®‡≥Å ‡≤π‡≤≤‡≤µ‡≥Å ‡≤≠‡≤æ‡≤ó‡≤ó‡≤≥‡≤æ‡≤ó‡≤ø ‡≤ï‡≤®‡≥ç‡≤®‡≤° ‡≤ö‡≤ø‡≤§‡≥ç‡≤∞‡≤∞‡≤Ç‡≤ó‡≤¶‡≤≤‡≥ç‡≤≤‡≤ø ‡≤Ö‡≤µ‡≤§‡≤æ‡≤∞‡≤ó‡≤≥‡≤®‡≥ç‡≤®‡≥Å ‡≤§‡≤æ‡≤≥‡≥Å‡≤µ‡≥Å‡≤¶‡≤∞‡≤≤‡≥ç‡≤≤‡≤ø ‡≤∏‡≤Ç‡≤∂‡≤Ø‡≤µ‡≥á ‡≤á‡≤≤‡≥ç‡≤≤.
0,nanna ballya jivana nenap aytu thanks aswini adio
1,bindu gowda ge sariyyagi batthi itree sir ..super sir neevu
0,thumbha ‡≤í‡≤≥‡≥ç‡≤≥‡≥Ü‡≤Ø ‡≤Æ‡≤æ‡≤π‡≤ø‡≤§‡≤ø anna. dhanyavaadagalu.
0,‡≤à ‡≤π‡≤æ‡≤°‡≥Å ‡≤í‡≤Ç‡≤•‡≤∞‡≤æslow poison ‡≤á‡≤¶‡≥ç‡≤¶ ‡≤π‡≤æ‡≤ó‡≥Ü
0,shetty huu gottu
0,‡≤ï‡≥ç‡≤∞‡≤ø‡≤Æ‡≤ø‡≤®‡≤≤‡≥ç ‡≤¨‡≥Å‡≤¶‡≥ç‡≤¶‡≤µ‡≤Ç‡≤§‡≤ø‡≤ï‡≥Ü ..‡≤∏‡≥Ç‡≤™‡≤∞‡≥ç ‡≤π‡≥Ä‡≤ó‡≥Ü ‡≤á‡≤∞‡≤¨‡≥á‡≤ï‡≥Å .. ‡≤®‡≤Æ‡≥ç‡≤Æ ‡≤¶‡≥á‡≤∂ ‡≤®‡≥ã... ‡≤ö‡≤æ‡≤®‡≥ç‡≤∏‡≥ç..
1,sir nivu bare swalpa sulu heleteraa
0,hodtha guru sng
1,urko sanvi dagar rashmika...
0,g dambal
0,gajab ka song h yar hindi me nahi ayega kya ye song samajhna hai lyrics
0,‡≤í‡≤Ç‡≤¶‡≥Å ‡≤¶‡≥á‡≤∂‡≤¶ ‡≤Æ‡≥Å‡≤Ç‡≤¶‡≥Å‡≤µ‡≤∞‡≤ø‡≤Ø‡≥Å‡≤µ‡≥Å‡≤¶‡≥Å ‡≤Ö‡≤¶‡≤∞ ‡≤Ü‡≤∞‡≥ç‡≤•‡≤ø‡≤ï ‡≤∏‡≥ç‡≤•‡≤ø‡≤§‡≤ø‡≤Ø‡≤®‡≥ç‡≤®‡≥Å ‡≤Ö‡≤µ‡≤≤‡≤Ç‡≤¨‡≤ø‡≤∏‡≥Å‡≤µ‡≥Å‡≤¶‡≤ø‡≤≤‡≥ç‡≤≤. ‡≤Ö‡≤µ‡≤∞‡≥Å ‡≤Æ‡≤æ‡≤®‡≤µ‡≥Ä‡≤Ø‡≤§‡≥Ü‡≤Ø‡≤≤‡≥ç‡≤≤‡≤ø ‡≤é‡≤∑‡≥ç‡≤ü‡≥Å ‡≤∏‡≤Æ‡≤∞‡≥ç‡≤•‡≤∞‡≥Å ‡≤é‡≤®‡≥ç‡≤®‡≥Å‡≤µ‡≥Å‡≤¶‡≤®‡≥ç‡≤®‡≥Å ‡≤Ö‡≤µ‡≤≤‡≤Ç‡≤¨‡≤ø‡≤∏‡≤ø‡≤¶‡≥Ü. ‡≤≠‡≤æ‡≤∞‡≤§‡≤¶‡≤≤‡≥ç‡≤≤‡≤ø ‡≤Ö‡≤®‡≤ï‡≥ç‡≤∑‡≤∞‡≤§‡≥Ü ‡≤á‡≤¶‡≥Ü ‡≤Ü ‡≤Ö‡≤®‡≤ï‡≥ç‡≤∑‡≤∞‡≤∏‡≥ç‡≤•‡≤∞‡≤®‡≥ç‡≤®‡≥Å ‡≤Ö‡≤µ‡≤∞ ‡≤Ö‡≤®‡≤ï‡≥ç‡≤∑‡≤∞‡≤§‡≥Ü‡≤Ø‡≥á
0,‡≤¶‡≤∞‡≥ç‡≤∂‡≤®‡≥ç ‡≤∏‡≤∞‡≥ç ‡≤®‡≤æ‡≤µ‡≥Å ‡≤®‡≤ø‡≤Æ‡≥ç‡≤Æ ‡≤Ö‡≤≠‡≤ø‡≤Æ‡≤æ‡≤®‡≤ø‡≤ó‡≤≥‡≥Å ‡≤®‡≤Æ‡≥ç‡≤Æ ‡≤ï‡≤≤‡≤æ‡≤µ‡≤ø‡≤¶‡≤∞‡≥Å ‡≤à ‡≤∞‡≥Ä‡≤§‡≤ø ‡≤ï‡≤∑‡≥ç‡≤ü ‡≤™‡≤°‡≥ã‡≤¶‡≥Å ‡≤®‡≤Æ‡≤ó‡≥Ü ‡≤Æ‡≤®‡≤∏‡≥ç‡≤∏‡≤ø‡≤ó‡≥Ü ‡≤§‡≥Å‡≤Ç‡≤¨‡≤æ ‡≤®‡≥ã‡≤µ‡≤æ‡≤ó‡≥Å‡≤§‡≥ç‡≤§‡≥Ü ‡≤®‡≥Ä‡≤µ‡≥Å ‡≤¶‡≤Ø‡≤µ‡≤ø‡≤ü‡≥ç‡≤ü‡≥Å ‡≤á‡≤Ç‡≤• ‡≤Æ‡≤π‡≤æ‡≤®‡≥ç ‡≤ï‡≤≤‡≤æ‡≤µ‡≤ø‡≤¶‡≤∞‡≤®‡≥ç‡≤®‡≥Å ‡≤§‡≤Æ‡≥ç‡≤Æ ‡≤ú‡≥ä‡≤§‡≥Ü ‡≤ï‡≤∞‡≥Ü‡≤¶‡≥Å‡≤ï‡≥ä‡≤Ç‡≤°‡≥Å ‡≤®‡≤°‡≥Ü‡≤Ø‡≤ø‡≤∞‡≤ø ‡≤Ö‡≤≠‡≤ø‡≤Æ‡≤æ‡≤®‡≤ø ‡≤Ö‡≤≠‡≤ø‡≤Æ‡≤æ‡≤®‡≤ø‡≤ó‡≤≥‡≤ø‡≤ó‡≥Ü ‡≤ï‡≥ä‡≤°‡≥Å‡≤µ ‡≤¶‡≥ä‡≤°‡≥ç‡≤° ‡≤â‡≤°‡≥Å‡≤ó‡≥ä‡≤∞‡≥Ü ‡≤®‡≤ø‡≤Æ‡≥ç‡≤Æ‡≤ø‡≤Ç‡≤¶ ‡≤®‡≤æ‡≤µ‡≥Å ‡≤®‡≤æ ‡≤¨‡≤Ø‡≤∏‡≥Å‡≤§‡≥ç‡≤§‡≥á‡≤µ‡≥Ü
0,‡≤¶‡≤∞‡≥ç‡≤∂‡≤®‡≥ç ‡≤Ö‡≤£‡≥ç‡≤£‡≤® ‡≤Ö‡≤≠‡≤ø‡≤Æ‡≤æ‡≤®‡≤ø‡≤ó‡≤≥ ‡≤ï‡≤°‡≥Ü ‡≤á‡≤Ç‡≤¶ all the best
0,‡≤ö‡≤Ç‡≤¶‡≤®‡≥ç ‡≤∂‡≥Ü‡≤ü‡≥ç‡≤ü‡≤ø ‡≤ü‡≥ç‡≤∞‡≥ä‡≤≤‡≥ç ‡≤µ‡≤ø‡≤°‡≤ø‡≤Ø‡≥ã ‡≤®‡≥Ä‡≤µ‡≥Å ‡≤®‡≥ã‡≤°‡≤ø ‡≤®‡≥Ü‡≤ó‡≤°‡≥ç‡≤°‡≥Ü ‡≤á‡≤¶‡≥ç‡≤∞‡≥Ü ‡≤®‡≤æ‡≤µ‡≥ç ‡≤ó‡≥ç‡≤Ø‡≤æ‡≤∞‡≤Ç‡≤ü‡≤ø
0,sang supar chinu love you too...uppi.
0,charitre srushti maadiruva shettrege...hands up
0,amazing song
0,‡≤§‡≥ä‡≤ó‡≤∞‡≤ø ‡≤§‡≤ø‡≤™‡≥ç‡≤™ ‡≤∏‡≥Ç‡≤™‡≤∞ ‡≤®‡≤æ‡≤ü‡≤ï
0,cinema super aagide
0,jogimane now staying in bengaluru
1,‡≤¨‡≤°‡≥ç‡≤°‡≤ø ‡≤Æ‡≤ó‡≤Ç‡≤¶‡≥Å ‡≤Ø‡≤æ‡≤µ‡≤§‡≥ç ‡≤¨‡≤æ‡≤∞‡≥Å‡≤§‡≥ã 27‡≤®‡≥á ‡≤§‡≤æ‡≤∞‡≥Ä‡≤ñ‡≥Å
0,‡≤∏‡≥Ç‡≤™‡≤∞‡≥ç ‡≤∏‡≥Ç‡≤™‡≤∞‡≥ç ‡≤∏‡≥Ç‡≤™‡≤∞‡≥ç
0,‡≤®‡≤ø‡≤Ç‡≤¶‡≥Å ‡≤¨‡≥ç‡≤∞‡≥ã ‡≤®‡≤ø‡≤ú‡≤µ‡≤æ‡≤¶ ‡≤ü‡≥ç‡≤Ø‡≤æ‡≤≤‡≥Ü‡≤Ç‡≤ü‡≥ç ‡≤Ö‡≤Ç‡≤¶‡≥ç‡≤∞‡≥Ü
0,leak alla adu theater run mugdidakke namazon prime hakidare
0,‡≤®‡≤®‡≤ó‡≥Ü ‡≤á‡≤∑‡≥ç‡≤ü‡≤µ‡≤æ‡≤¶ ‡≤ï‡≤•‡≥Ü ‡≤§‡≥ä‡≤ó‡≤∞‡≤ø ‡≤§‡≤ø‡≤™‡≥ç‡≤™
1,v nim gandu balegara movie yalla utterflop modlu side acting madudu ‡≤¨‡≤ø‡≤°‡≥Å anu modlu
1,tiktok uninstall madodakku modlu ee changlu nan maklanna modlu desha dinda delete madbeku guru
0,‡≤∏‡≤∞‡≥ç ‡≤®‡≤ø‡≤Æ‡≥ç‡≤Æ ‡≤™‡≤æ‡≤¶‡≤ó‡≤≥‡≤ø‡≤ó‡≥Ü ‡≤®‡≤Æ‡≤∏‡≥ç‡≤ï‡≤æ‡≤∞‡≤ó‡≤≥‡≥Å
1,ivnu soole maga pakka. ivnu yash fan bandu hen kelsa madthavne nodro soole maga
1,1.6k people are not liking this....innna en beko maaraya nimga ...
0,yar yaru ashwattama badukidanendu nambutero elli ondu like madi
0,chinndikanna neenu neenu nam tharane madthadthiya. super
1,kelv bvc galu ..nam india dalli eddare anna...a bvc galu chna ap use madthare anna
0,dialog super agii oddidya anna.. super
1,howdu bro app uninstall madudrea avrig amount hogodu kamiagutea plzzzzz uninstall madi beavarce appp adu thuuuuu
0,best movie... keep it up
0,bro ee game yavdu and nimma ella video super boss
1,avalige chapalige odiri
0,‡≤π‡≤æ‡≤°‡≥Å ‡≤∏‡≥Å‡≤™‡≤∞‡≥ç ‡≤∏‡≤Ç‡≤ó‡≥Ä‡≤§ ‡≤∏‡≤Ç‡≤Ø‡≥ã‡≤ú‡≤®‡≥Ü ‡≤∏‡≥Å‡≤™‡≤∞‡≥ç ‡≤∏‡≥Å‡≤™‡≤∞‡≥ç
0,‡≤¶‡≥É‡≤∑‡≥ç‡≤ü‡≤ø ‡≤á‡≤µ‡≤®‡≥ä‡≤¨‡≥ç‡≤¨‡≤® ‡≤Æ‡≥á‡≤≤‡≤ø‡≤°‡≤ø n‡≤§‡≤™‡≥ç‡≤™‡≤¶‡≥Å ‡≤®‡≤ø‡≤ú ‡≤Æ‡≤®‡≤∞‡≤Ç‡≤ú‡≤®‡≥Ü
1,nkn idddu ‡≤ü‡≥ç‡≤∞‡≥ã‡≤≤‡≥ç ‡≤Ö‡≤Ç‡≤¶‡≥ç‡≤∞‡≥á... ‡≤¨‡≥ç‡≤∞‡≥ã ‡≤®‡≤æ‡≤®‡≥Å ‡≤ü‡≤ø‡≤ï‡≥ç ‡≤ü‡≤æ‡≤ï‡≥ç ‡≤ó‡≥Ü ‡≤Ö‡≤°‡≤ø‡≤ï‡≥ç‡≤ü‡≥ç ‡≤Ü‡≤ó‡≤ø‡≤¶‡≥ç‡≤¶‡≥á... ‡≤¨‡≤ü‡≥ç ‡≤®‡≤Æ‡≥ç ‡≤¶‡≥á‡≤∂‡≤ï‡≥ç‡≤ï‡≤ø‡≤Ç‡≤§ ‡≤¶‡≥ä‡≤°‡≥ç‡≤¶‡≤≤‡≥ç‡≤≤ ‡≤à ‡≤ü‡≤ø‡≤ï‡≥ç ‡≤ü‡≤æ‡≤ï‡≥ç... ‡≤Ö‡≤∑‡≥ç‡≤ü‡≥á... ‡≤á‡≤®‡≥ç‡≤®‡≥ã‡≤Ç‡≤¶‡≥ç ‡≤µ‡≤ø‡≤∑‡≥ç‡≤Ø ‡≤®‡≤Æ‡≥ç ‡≤¶‡≥á‡≤∂‡≤¶‡≥ç ‡≤∞‡≥ä‡≤™‡≥ä‡≤∏‡≥ã ‡≤°‡≥å‡≤®‡≥ç‡≤≤‡≥ã‡≤°‡≥ç ‡≤Æ‡≤æ‡≤°‡≤ø ‡≤ì‡≤™‡≤®‡≥ç ‡≤Æ‡≤æ‡≤°‡≤ø ‡≤®‡≥ä‡≤°‡≥Å‡≤¶‡≥ç‡≤∞‡≥Å... ‡≤Ö‡≤µ‡≥ç‡≤®‡≤Æ‡≥ç‡≤Æ‡≤®‡≥ç ‡≤Ü ‡≤ï‡≤ø‡≤§‡≥ç‡≤§‡≥ã‡≤¶‡≥ç ‡≤Æ‡≥Å‡≤Ç‡≤°‡≥á ‡≤¨‡≤ø‡≤Ç‡≤¶‡≥Å ‡≤ó‡≥å‡≤°... ‡≤Ö‡≤¶‡≥ç‡≤∞‡≤≤‡≥ç‡≤≤‡≥Ç ‡≤∏‡≤æ‡≤Ø‡≥ç‡≤§‡≤æ‡≤µ‡≥ç‡≤≥‡≥á ‡≤ó‡≥Å‡≤∞‡≥Å.... ‡≤Ö‡≤µ‡≥ç‡≤≥‡≥ç‡≤≥‡≤ø‡≤ó‡≥á ‡≤è‡≤®‡≤æ‡≤¶‡≥ç‡≤∞‡≥Å ‡≤Æ‡≤æ‡≤°‡≤ø ‡≤´‡≥ã‡≤®‡≥ç ‡≤Ø‡≥Å‡≥Ç‡≤∏‡≥á ‡≤Æ‡≤æ‡≤°‡≥ç‡≤¨‡≤æ‡≤∞‡≥ç‡≤¶‡≥Å ‡≤Ü ‡≤§‡≤∞ ‡≤ü‡≥ç‡≤∞‡≥ã‡≤≤‡≥ç ‡≤Æ‡≤æ‡≤°‡≤ø ‡≤¨‡≥ç‡≤∞‡≥ã.... ‡≤Ö‡≤µ‡≥ç‡≤®‡≤Æ‡≥ç‡≤Æ‡≤®‡≥ç ‡≤π‡≤Ç‡≤¶‡≤ø ‡≤§‡≤ø‡≤ï‡≤¶‡≥ç ‡≤§‡≤∞ ‡≤á‡≤∞‡≥ã ‡≤Æ‡≥Ç‡≤§‡≤ø‡≤® ‡≤®‡≥ä‡≤°‡≤ï‡≥ç‡≤ï‡≤æ‡≤ï‡≥ç‡≤§‡≤ø‡≤≤‡≥ç‡≤≤....
0,super guru pakka block buster
0,‡≤ö‡≤Ç‡≤¶‡≤®‡≥ç ‡≤∂‡≥Ü‡≤ü‡≥ç‡≤ü‡≤ø ‡≤ü‡≥ç‡≤∞‡≥ä‡≤≤‡≥ç ‡≤µ‡≤ø‡≤°‡≤ø‡≤Ø‡≥ã ‡≤®‡≥Ä‡≤µ‡≥Å ‡≤®‡≥ã‡≤°‡≤ø ‡≤®‡≥Ü‡≤ó‡≤°‡≥ç‡≤°‡≥Ü ‡≤á‡≤¶‡≥ç‡≤∞‡≥Ü ‡≤®‡≤æ‡≤µ‡≥ç ‡≤ó‡≥ç‡≤Ø‡≤æ‡≤∞‡≤Ç‡≤ü‡≤ø
0,namma kannada chitra ranga evrge olle avakasha galna kodli antha kelkotini
1,enu kannada antha matadtaro ee goobegalu. thoo!... tumba chennagi maadideera. avru nim jote tumba chennagi maadidare. enu maadiddu
0,dilip kumar nanu kuda bro
0,lots love from kannadigas
0,‡≤Ö‡≤≠‡≤ø‡≤®‡≤Ø ‡≤ö‡≤ï‡≥ç‡≤∞‡≤µ‡≤∞‡≥ç‡≤§‡≤ø ‡≤ï‡≤ø‡≤ö‡≥ç‡≤ö ‡≤∏‡≥Å‡≤¶‡≥Ä‡≤™‡≥ç ‡≤Ö‡≤µ‡≤∞ ‡≤ï‡≤°‡≥Ü‡≤Ø‡≤ø‡≤Ç‡≤¶.. all tha best movi
0,no doubt edu charitre srustiso avatharane
0,super maga
0,nan lwda dalli edane band nodkondu ogo gandu
0,rip chiru sir
0,‡≤¶‡≤ø‡≤Ø‡≤æ ‡≤¨‡≤∞‡≤ø ‡≤ö‡≤≤‡≤®‡≤ö‡≤ø‡≤§‡≥ç‡≤∞ ‡≤Æ‡≤æ‡≤§‡≥ç‡≤∞‡≤µ‡≤≤‡≥ç‡≤≤ ‡≤®‡≤Æ‡≥ç‡≤Æ ‡≤ï‡≤®‡≥ç‡≤®‡≤° ‡≤ö‡≤≤‡≤®‡≤ö‡≤ø‡≤§‡≥ç‡≤∞ ‡≤∞‡≤Ç‡≤ó‡≤¶ ‡≤á‡≤§‡≤ø‡≤π‡≤æ‡≤∏‡≤¶‡≤≤‡≥ç‡≤≤‡≥Ü ‡≤é‡≤Ç‡≤¶‡≥Å ‡≤é‡≤Ç‡≤¶‡≥Ü‡≤Ç‡≤¶‡≥Ç ‡≤Æ‡≤∞‡≥Ü‡≤Ø‡≤æ‡≤≤‡≤æ‡≤ó‡≤¶ ‡≤Ö‡≤™‡≤∞‡≥Ç‡≤™‡≤¶ ‡≤Ö‡≤¶‡≥ç‡≤≠‡≥Å‡≤§‡≤µ‡≤æ‡≤¶ ‡≤ï‡≤®‡≥ç‡≤®‡≤° ‡≤ö‡≤≤‡≤®‡≤ö‡≤ø‡≤§‡≥ç‡≤∞‡≤¶ ‡≤Æ‡≤π‡≤æ‡≤®‡≥ç ‡≤ï‡≥É‡≤§‡≤ø ‡≤à ‡≤ö‡≤≤‡≤®‡≤ö‡≤ø‡≤§‡≥ç‡≤∞‡≤µ‡≤®‡≥ç‡≤® ‡≤®‡≥Ä‡≤µ‡≥Å‡≤ó‡≤≥‡≥Ü‡≤≤‡≥ç‡≤≤‡≤∞‡≥Ç ‡≤®‡≥ã‡≤°‡≤≤‡≥Ü ‡≤¨‡≥á‡≤ï‡≥Å ‡≤¶‡≤ø‡≤Ø‡≤æ ‡≤ö‡≤≤‡≤®‡≤ö‡≤ø‡≤§‡≥ç‡≤∞‡≤¶ ‡≤®‡≤ø‡≤∞‡≥ç‡≤¶‡≥á‡≤∂‡≤ï‡≤®‡≤ø‡≤ó‡≥Ü ‡≤®‡≤®‡≥ç‡≤®‡≤¶‡≥ä‡≤Ç‡≤¶‡≥Å ‡≤™‡≥ç‡≤∞‡≥Ä‡≤§‡≤ø‡≤Ø ‡≤®‡≤Æ‡≤∏‡≥ç‡≤ï‡≤æ‡≤∞‡≤ó‡≤≥‡≥Å ‡≤®‡≤Æ‡≥ç‡≤Æ ‡≤ï‡≤®‡≥ç‡≤®‡≤° ‡≤ö‡≤≤‡≤®‡≤ö‡≤ø‡≤§‡≥ç‡≤∞‡≤ï‡≥ç‡≤ï‡≥Ü ‡≤®‡≥Ä‡≤µ‡≥ä‡≤¨‡≥ç‡≤¨‡≤∞‡≥Å ‡≤Æ‡≤§‡≥ç‡≤§‡≥ä‡≤¨‡≥ç‡≤¨ ‡≤™‡≥Å‡≤ü‡≥ç‡≤ü‡≤£‡≥ç‡≤£ ‡≤ï‡≤£‡≥ç‡≤£‡≤ó‡≤æ‡≤≤‡≥çnn ‡≤µ‡≤ø‡≤≤‡≥á‡≤ú‡≥ç ‡≤∞‡≥ã‡≤°‡≥ç ‡≤´‡≤ø‡≤≤‡≤Ç‡≤∏‡≥ç
0,kannada ne best adrallu kannada songs adre hen andkondodira
1,‡≤ö‡≤Ç‡≤¶‡≤®‡≥ç ‡≤∂‡≥Ü‡≤ü‡≥ç‡≤ü‡≤ø ‡≤ü‡≥ç‡≤∞‡≥ä‡≤≤‡≥ç ‡≤µ‡≤ø‡≤°‡≤ø‡≤Ø‡≥ã ‡≤®‡≥Ä‡≤µ‡≥Å ‡≤®‡≥ã‡≤°‡≤ø ‡≤®‡≥Ü‡≤ó‡≤°‡≥ç‡≤°‡≥Ü ‡≤á‡≤¶‡≥ç‡≤∞‡≥Ü ‡≤®‡≤æ‡≤µ‡≥ç ‡≤ó‡≥ç‡≤Ø‡≤æ‡≤∞‡≤Ç‡≤ü‡≤ø
0,ü§£ü§£ü§£brooo i'm big fan
0,‡≤™‡≥ç‡≤∞‡≤Ø‡≤§‡≥ç‡≤®‡≤ï‡≥ç‡≤ï‡≥Ü ‡≤¶‡≥ä‡≤°‡≥ç‡≤° ‡≤∏‡≤≤‡≤æ‡≤Ç
0,sathyavaglu movie maatra ulty
0,‡≤Ü‡≤Ç‡≤ó‡≥ç‡≤≤ ‡≤≠‡≤æ‡≤∑‡≥Ü ‡≤¨‡≤≥‡≤∏‡≥ã ‡≤ï‡≤æ‡≤≤‡≤¶‡≤≤‡≥ç‡≤≤‡≤ø ‡≤Ö‡≤ö‡≥ç‡≤ö ‡≤ï‡≤®‡≥ç‡≤®‡≤°‡≤¶‡≤≤‡≥ç‡≤≤‡≤ø ‡≤∏‡≤æ‡≤π‡≤ø‡≤§‡≥ç‡≤Ø ‡≤¨‡≤∞‡≥Ü‡≤¶‡≤ø‡≤∞‡≥Å‡≤µ ‡≤¨‡≤∞‡≤π‡≤ó‡≤æ‡≤∞‡≤∞‡≤ø‡≤ó‡≥Ü ‡≤ï‡≥ã‡≤ü‡≤ø ‡≤ï‡≥ã‡≤ü‡≤ø ‡≤®‡≤Æ‡≤®‡≤ó‡≤≥‡≥Å
0,‡≤Ü‡≤≤‡≥ç ‡≤¶‡≤ø ‡≤¨‡≥Ü‡≤∏‡≥ç‡≤ü‡≥ç ‡≤°‡≤ø ‡≤¨‡≤æ‡≤∏‡≥ç ‡≤π‡≥Å‡≤°‡≥Å‡≤ó‡≤∞‡≥Å
0,‡≤µ‡≤ø‡≤ú‡≤Ø‡≥ç ‡≤™‡≥ç‡≤∞‡≤ï‡≤æ‡≤∂‡≥ç ‡≤Ö‡≤µ‡≤∞ ‡≤¶‡≥ç‡≤µ‡≤®‡≤ø ‡≤®‡≤æ‡≤∞‡≤æ‡≤Ø‡≤£‡≤®‡≤ø‡≤ó‡≥Ü ‡≤π‡≥á‡≤≥‡≤ø ‡≤Æ‡≤æ‡≤°‡≤ø‡≤∏‡≤ø‡≤¶‡≤Ç‡≤§‡≤ø‡≤¶‡≥Ü..
1,guru deshgaande swantha picture tegeyo sule maga alla.. yaav picture remake idhuü§î
1,la video ako su.....‡•§
0,banda the best
0,ravichandran vishnuwardha raajkumar shankar nag elruna onde sari nodidangaythu..
0,bro hagandr kgf asn 5 language alli bidugade agute avaga bere industri avaru hage andre yenagutte
0,godiyaga ata aadtida
1,rip rashmika mandhana
1,sumne irru guru yake kiriku
0,love you ya
0,ü•∞ü•∞ü•∞ü•∞super song ü•∞ü•∞ü•∞ü•∞
1,kelly ‡≤≤‡≥Ü ‡≤§‡≥Å‡≤ï‡≤æ‡≤≤‡≤ø ‡≤®‡≤ø‡≤®‡≥ç‡≤® ‡≤∏‡≤Ç‡≤∏‡≥ç‡≤ï‡≥É‡≤§‡≤ø ‡≤§‡≥ã‡≤∞‡≤ø‡≤∏‡≥Å‡≤§‡≥ç‡≤§‡≥Ü ‡≤®‡≤ø‡≤®‡≥ç‡≤® ‡≤é‡≤∑‡≥ç‡≤ü‡≥Å ‡≤ï‡≤ö‡≤° ‡≤Ö‡≤Ç‡≤§
0,d boss fans full support. successful hagli movie
1,nimge istu sullu heloke hege manasu barutte
0,super bgm masth ....
1,modalu prana mukya amele cinema... plz don't lose hope diya chitratanda.... wait for time
1,boli maklu ee tara videos nu dislike maadtare
0,songa super bro
0,‡≤§‡≥Å‡≤Ç‡≤¨‡≤æ ‡≤ö‡≥Ü‡≤®‡≥ç‡≤®‡≤æ‡≤ó‡≤ø ‡≤µ‡≤ø‡≤ö‡≤æ‡≤∞ ‡≤∏‡≤Ç‡≤ï‡≤ø‡≤∞‡≤£ ‡≤Æ‡≥Ç‡≤°‡≤ø‡≤∏‡≤ø‡≤¶‡≥ç‡≤¶‡≤æ‡≤∞‡≥Ü ‡≤≠‡≤æ‡≤∞‡≤§ ‡≤™‡≥ç‡≤∞‡≤™‡≤Ç‡≤ö‡≤¶‡≤≤‡≥ç‡≤≤‡≤ø ‡≤π‡≤ø‡≤Ç‡≤¶‡≥Ü ‡≤â‡≤≥‡≤ø‡≤Ø‡≤≤‡≥Å ‡≤∞‡≤æ‡≤ú‡≤ï‡≥Ä‡≤Ø ‡≤µ‡≥ç‡≤Ø‡≤µ‡≤∏‡≥ç‡≤•‡≥Ü ‡≤í‡≤Ç‡≤¶‡≥Å ‡≤™‡≥ç‡≤∞‡≤¨‡≤≤ ‡≤ï‡≤æ‡≤∞‡≤£ ‡≤™‡≤ï‡≥ç‡≤∑ ‡≤™‡≤æ‡≤§ ‡≤∏‡≥ç‡≤µ‡≤ú‡≤® ‡≤∏‡≥å‡≤Æ‡≥ç‡≤Ø‡≤§‡≥Ü ‡≤∏‡≤π ‡≤ï‡≤æ‡≤∞‡≤£ ‡≤é‡≤Ç‡≤¨‡≥Å‡≤¶‡≥Å ‡≤§‡≤ø‡≤≥‡≤ø‡≤∏‡≤ø‡≤¶‡≥ç‡≤¶‡≤æ‡≤∞‡≥Ü n‡≤ï‡≥å‡≤∂‡≤≤‡≥ç‡≤Ø ‡≤Ö‡≤≠‡≤ø‡≤µ‡≥É‡≤¶‡≥ç‡≤ß‡≤ø‡≤ó‡≥Ü ‡≤π‡≥á‡≤ö‡≥ç‡≤ö‡≤ø‡≤® ‡≤Æ‡≤π‡≤§‡≥ç‡≤µ ‡≤ï‡≥ä‡≤°‡≤¨‡≥á‡≤ï‡≤æ‡≤ó‡≤ø‡≤¶‡≥á ‡≤é‡≤Ç‡≤¨‡≥Å‡≤¶‡≥Å ‡≤∏‡≤π ‡≤∏‡≤§‡≥ç‡≤Ø
0,booking start ‡≤Æ‡≤æ‡≤°‡≤ø
0,appu boss fans nlike madi
0,‡≤ï‡≤®‡≥ç‡≤®‡≤°‡≤¶ ‡≤ï‡≤ø‡≤∞‡≥Ä‡≤ü ‡≤á‡≤¶‡≥Å
0,‡≤ó‡≤ú‡≤ø ‡≤Ü‡≤∂‡≥Å
0,‡≤´‡≥à‡≤ü‡≥ç ‡≤∏‡≥Ä‡≤®‡≥ç ‡≤Ö‡≤Æ‡≥á‡≤ú‡≤ø‡≤Ç‡≤ó‡≥ç ‡≤™‡≥ç‡≤∞‡≤ú‡≥ç‡≤µ‡≤≤‡≥ç ‡≤≤‡≥Å‡≤ï‡≥ç‡≤ï‡≥Å ‡≤¨‡≥ç‡≤Ø‡≥Ç‡≤ü‡≤ø‡≤´‡≥Å‡≤≤‡≥ç ‡≤Ü‡≤≤‡≥ç ‡≤¶‡≤ø ‡≤¨‡≥Ü‡≤∏‡≥ç‡≤ü‡≥ç ‡≤ú‡≤Ç‡≤ü‡≤≤‡≥ç‡≤Æ‡≥ç‡≤Ø‡≤æ‡≤®‡≥ç ‡≤´‡≥ç‡≤∞‡≤Æ‡≥ç ‡≤°‡≤ø ‡≤¨‡≤æ‡≤∏‡≥ç ‡≤´‡≥ç‡≤Ø‡≤æ‡≤®‡≥ç
1,anna sumne video madedhya nodu
0,‡≤∏‡≥Ç‡≤™‡≤∞‡≥ç ‡≤π‡≤ø‡≤ü‡≥ç‡≤ü‡≥ç ‡≤∏‡≤æ‡≤Ç‡≤ó‡≥ç
0,‡≤§‡≥Å‡≤Ç‡≤¨‡≤æ ‡≤ö‡≤®‡≥ç‡≤®‡≤æ‡≤ó‡≤ø ‡≤Æ‡≥Ç‡≤°‡≤ø ‡≤¨‡≤Ç‡≤¶‡≤ø‡≤¶‡≥Ü ‡≤Æ‡≤§‡≥ç‡≤§‡≥Å ‡≤®‡≤ø‡≤∞‡≥Ä‡≤ï‡≥ç‡≤∑‡≥Ü ‡≤π‡≥Å‡≤ü‡≥ç‡≤ü‡≤ø‡≤∏‡≥Å‡≤µ‡≤Ç‡≤§‡≤ø‡≤¶‡≥Ü. ‡≤∏‡≤ø‡≤®‡≤ø‡≤Æ‡≤æ ‡≤¨‡≤ø‡≤°‡≥Å‡≤ó‡≤°‡≥Ü‡≤ó‡≥Ü ‡≤ï‡≤æ‡≤Ø‡≥Å‡≤§‡≥ç‡≤§‡≥á‡≤µ‡≥Ü. ‡≤í‡≤≥‡≥ç‡≤≥‡≥Ü‡≤Ø‡≤¶‡≤æ‡≤ó‡≤≤‡≤ø
0,pacca edu charetre shrushisti so avatara
0,super rakshit shetti ajanish
0,guru nin voice en guru adu ha ha bombat__ series agi ond heltini nanage enadru nim videos inda nakku nakku hotte novu bandre neeve javabdari helidini
0,‡≤ú‡≤°‡≥ç ‡≤ú‡≤°‡≥ç ‡≤®‡≤ï‡≥ç‡≤ï...
0,pade pade kelabeku anisutte.....
0,ashwathama. vadhukkidhe.evathu. video. nodithunanu. jai. babaji
1,k k soole magne avrige bari jaati fabsallo ella jaatilu fans idaare neen heldyalla jaati naayi antha pakka gawda kano naanu nin amman soole magne neenu as darshan naydu jaati irbeku dagaar dagaar dam dam dagaar soole maga darshan
0,sir nam kannada hudga andre enu anta ha loper manganna ni ge torsi sir next film nalli in yavano sikkudre avna hinde nu hogtale avlu kannadigara takattu enu anta avlige gottagbeku
0,‡≤ö‡≤Ç‡≤¶‡≤®‡≥ç ‡≤∂‡≥Ü‡≤ü‡≥ç‡≤ü‡≤ø ‡≤ü‡≥ç‡≤∞‡≥ä‡≤≤‡≥ç ‡≤µ‡≤ø‡≤°‡≤ø‡≤Ø‡≥ã ‡≤®‡≥Ä‡≤µ‡≥Å ‡≤®‡≥ã‡≤°‡≤ø ‡≤®‡≥Ü‡≤ó‡≤°‡≥ç‡≤°‡≥Ü ‡≤á‡≤¶‡≥ç‡≤∞‡≥Ü ‡≤®‡≤æ‡≤µ‡≥ç ‡≤ó‡≥ç‡≤Ø‡≤æ‡≤∞‡≤Ç‡≤ü‡≤ø
0,bro ten minutes + video madi bro niuo mado video na nodta edre nodtane erbeku anisutte
0,super rakshith shety sar....
0,subscribed... bro... benki ninu
1,lol telegram bandirodu alla amazon prime bandirodu adanna pirate madi telegram hakidarennivgalu theatre gu hogalla mobile bandru pirate nodtira
0,vishnuvardhana yarge agli 1st respect kododu mukya
0,hang aytu
1,sulemakale tic tok uninstall madi
0,en dailouges guru nsuper gurunyou rocking gurunnin dailouges keludmele nim channel subscribe maadthiddeeni hinge continue maadu guruninnondibru dingurbilligalu tiktok li buildup kodthidru avrnu ee videodalli topgersidre chanaagirthitthu
1,vitthal ‡≤ï‡≤ö‡≥ç‡≤ö‡≤æ ‡≤∏‡≥Å‡≤¶‡≥Ü‡≤™‡≤ø
0,supar anna love you pajuanna....
0,‡≤™‡≤ï‡≥ç‡≤ï‡≤æ ‡≤°‡≤ø ‡≤¨‡≤æ‡≤∏‡≥ç ‡≤Ö‡≤≠‡≤ø‡≤Æ‡≤æ‡≤®‡≤ø ‡≤°‡≤ø ‡≤¨‡≤æ‡≤∏‡≥ç ‡≤´‡≥ç‡≤Ø‡≤æ‡≤®‡≥ç ‡≤ï‡≤°‡≥Ü‡≤Ø‡≤ø‡≤Ç‡≤¶ ‡≤Ü‡≤≤‡≥ç ‡≤¶‡≤ø ‡≤¨‡≥Ü‡≤∏‡≥ç‡≤ü‡≥ç
1,‡≤Ö‡≤£‡≥ç‡≤£ ‡≤á‡≤®‡≥ç‡≤®‡≥ä‡≤Ç‡≤¶‡≥ç ‡≤∏‡≥ç‡≤µ‡≤≤‡≥ç‡≤™ ‡≤â‡≤ó‡≤ø‡≤∞‡≤ø ‡≤Ö‡≤µ‡≤∞‡≤ø‡≤ó‡≥Ü ‡≤®‡≤Æ‡≥ç‡≤Æ ‡≤Ø‡≥ã‡≤ß‡≤∞ ‡≤¨‡≤ó‡≥ç‡≤ó‡≥Ü ‡≤ö‡≤ø‡≤Ç‡≤§‡≤®‡≥Ü ‡≤Æ‡≤æ‡≤°‡≥Å‡≤§‡≥ç‡≤§‡≤ø‡≤≤‡≥ç‡≤≤ ‡≤§‡≤ø‡≤∞‡≥Å‡≤¨‡≥ã‡≤ï‡≤ø ‡≤á‡≤®‡≥ç‡≤®‡≥Å ‡≤∏‡≥ç‡≤µ‡≤≤‡≥ç‡≤™ ‡≤ö‡≥Ü‡≤®‡≥ç‡≤®‡≤æ‡≤ó‡≤ø ‡≤â‡≤ó‡≤ø‡≤∞‡≤ø ‡≤Ö‡≤£‡≥ç‡≤£
0,‡≤á‡≤¶‡≥Å ‡≤ö‡≤∞‡≤ø‡≤§‡≥ç‡≤∞‡≥Ü ‡≤∏‡≥É‡≤∑‡≥ç‡≤ü‡≤ø‡≤Ø‡≥ã ‡≤Ö‡≤µ‡≤§‡≤æ‡≤∞‡≤æ...
0,tirividi ü§¶‚Äçü§¶‚Äç
0,ibrunu kannadadavre ibru belibeku. support maadi compare maadbedi
0,‡≤ü‡≥ç‡≤∞‡≥ä‡≤≤‡≥ç ‡≤Ö‡≤®‡≥ç‡≤® ‡≤∏‡≤∞‡≤ø‡≤Ø‡≤æ‡≤ó‡≤ø ‡≤â‡≤™‡≤Ø‡≥ã‡≤ó‡≤ø‡≤∏‡≥ç‡≤•‡≤π‡≤ø‡≤¶‡≤ø‡≤∞. ‡≤∏‡≥Ç‡≤™‡≤∞‡≥ç
0,2020 blockbuster hit movie. jai karnataka
1,lo d gujaalds neev support maadida yaav sinimaagalu succes agilla .. yaakro sumne buildep .. simple example andre ..amar movienu ..fail maadudralo .ambareesh gintha name bekittha...‡≤Æ‡≤ß‡≥ç‡≤Ø‡≥Ü ‡≤®‡≥Ä‡≤µ‡≥ç ‡≤π‡≥ã‡≤ó‡≤ø ‡≤π‡≤æ‡≤≥‡≥ç ‡≤Æ‡≤æ‡≤°‡≥Å‡≤¶‡≥ç‡≤∞‡≤≤‡≥ã ..
0,‡≤ü‡≤ø‡≤ï‡≥ç ‡≤ü‡≤æ‡≤ï‡≥ç ‡≥ç‡≤∞‡≤ø‡≤Ø‡≥á‡≤ü‡≤ø‡≤µ‡≥ç ‡≤ï‡≤®‡≥ç‡≤®‡≤°‡≤ø‡≤ó ‡≤®‡≤ø‡≤Æ‡≤ó‡≥Ü ‡≤®‡≤Æ‡≥ç‡≤Æ ‡≥ç‡≤®‡≤° ‡≤ú‡≤®‡≤§‡≥Ü‡≤Ø‡≤ø‡≤Ç‡≤¶ ‡≤§‡≥Å‡≤Ç‡≤¨‡≥Å ‡≤π‡≥É‡≤¶‡≤Ø‡≤¶ ‡≥ç‡≤Ø‡≤µ‡≤æ‡≤¶‡≤ó‡≤≥‡≥Å ‡≤®‡≥Ä‡≤µ‡≥Å ‡≤á‡≤¶‡≥á ‡≤∞‡≥Ä‡≤§‡≤ø‡≤Ø‡≤ø‡≤Ç‡≤¶ ‡≤Æ‡≥Å‡≤Ç‡≤¶‡≥Ü ‡≤á‡≤®‡≥ç‡≤®‡≥Ç ‡≤π‡≥Ü‡≤ö‡≥ç‡≤ö‡≤ø‡≤® ‡≤µ‡≤ø‡≤°‡≤ø‡≤Ø‡≥ã ‡≤ó‡≤≥‡≤®‡≥ç‡≤®‡≥Å ‡≤Æ‡≤æ‡≤°‡≤¨‡≥á‡≤ï‡≥Ü‡≤Ç‡≤¶‡≥Å ‡≤§‡≤Æ‡≥ç‡≤Æ‡≤≤‡≥ç‡≤≤‡≤ø ‡≤µ‡≤ø‡≤®‡≤Ç‡≤§‡≤ø ‡≤ú‡≥à ‡≤π‡≤ø‡≤Ç‡≤¶‡≥ç ‡≤ú‡≥à ‡≥ç‡≤®‡≤æ‡≤ü‡≤ï ‡≤Æ‡≤æ‡≤§‡≥Ü
0,‡≤á‡≤¶‡≥Å ‡≤ö‡≤∞‡≤ø‡≤§‡≥ç‡≤∞‡≥Ü ‡≤∏‡≥É‡≤∑‡≥ç‡≤ü‡≤ø‡≤∏‡≥Å‡≤µ ‡≤π‡≥ä‡≤∏ ‡≤ö‡≤≤‡≤®‡≤ö‡≤ø‡≤§‡≥ç‡≤∞n ‡≤Ø‡≤æ‡≤µ‡≤¶‡≥Å ‡≤Ö‡≤¶‡≥Ån‡≤Ö‡≤µ‡≤®‡≥á ‡≤∂‡≥ç‡≤∞‡≥Ä‡≤Æ‡≤®‡≥ç‡≤®‡≤∞‡≤æ‡≤Ø‡≤£
1,yappa huchhu hidustide.....asn.....awesom
1,parthasarathi ‡≤®‡≤Ç‡≤¶‡≤ø‡≤®‡≤ø ‡≤®‡≤Ç‡≤¶‡≤ø‡≤®‡≤ø ‡≤®‡≤ø‡≤®‡≥ç ‡≤§‡≥Å‡≤≤‡≥ç‡≤≤‡≥ç ‡≤ï‡≥ä‡≤°‡≥Ü
0,trailer ultimate ... ‡≤∏‡≤ø‡≤®‡≤ø‡≤Æ‡≤æ‡≤®‡≥Ç ‡≤ö‡≥Ü‡≤®‡≥ç‡≤®‡≤æ‡≤ó‡≤ø‡≤∞‡≤¨‡≤π‡≥Å‡≤¶‡≥Å ‡≤ú‡≤Ç‡≤ü‡≤≤‡≥ç ‡≤Æ‡≥ç‡≤Ø‡≤æ‡≤®‡≥ç ‡≤ö‡≤ø‡≤§‡≥ç‡≤∞‡≤§‡≤Ç‡≤°‡≤ï‡≥ç‡≤ï‡≥Ü ‡≤í‡≤≥‡≥ç‡≤≥‡≥Ü‡≤Ø‡≤¶‡≤æ‡≤ó‡≤≤‡≤ø... ‡≥ç‡≤∞‡≤ú‡≥ç‡≤µ‡≤≤‡≥ç ‡≤¶‡≥á‡≤µ‡≤∞‡≤æ‡≤ú‡≥ç. look super ü§©ü§©
0,‡≤§‡≥Å‡≤Ç‡≤¨‡≤æ ‡≤§‡≥Å‡≤Ç‡≤¨‡≤æ ‡≤ö‡≥Ü‡≤®‡≥ç‡≤®‡≤æ‡≤ó‡≤ø‡≤¶‡≥Ü....proud to be sandal wood
0,‡≤ö‡≤Ç‡≤¶‡≤®‡≥ç ‡≤∂‡≥Ü‡≤ü‡≥ç‡≤ü‡≤ø ‡≤ü‡≥ç‡≤∞‡≥ä‡≤≤‡≥ç ‡≤µ‡≤ø‡≤°‡≤ø‡≤Ø‡≥ã ‡≤®‡≥Ä‡≤µ‡≥Å ‡≤®‡≥ã‡≤°‡≤ø ‡≤®‡≥Ü‡≤ó‡≤°‡≥ç‡≤°‡≥Ü ‡≤á‡≤¶‡≥ç‡≤∞‡≥Ü ‡≤®‡≤æ‡≤µ‡≥ç ‡≤ó‡≥ç‡≤Ø‡≤æ‡≤∞‡≤Ç‡≤ü‡≤ø
0,youtube channel nalli asn release promos upload madi sir
0,‡≤Ø‡≤æ‡≤∞‡≤ø‡≤ó‡≥Ç ‡≤Ø‡≤æ‡≤∞‡≥Å ‡≤ó‡≥Ç‡≤§‡≥Ä‡≤≤‡≤æ ‡≤∏‡≤∞‡≥ç ‡≤Ü‡≤¶‡≤∞‡≥á ‡≤®‡≤Æ‡≥ç‡≤Æ ‡≤ß‡≥Å‡≤¢‡≥Ä‡≤Æ‡≥á ‡≤®‡≤Æ‡≤ó‡≥Ü ‡≤∏‡≤∞‡≥ç
0,‡≤Ö‡≤¶‡≥ç‡≤≠‡≥Å‡≤§ ‡≤∏‡≤∞‡≥ç ‡≤ú‡≥á‡≤µ‡≤®‡≤¶‡≤≤‡≥ç‡≤≤‡≤ø ‡≤é‡≤Ç‡≤¶‡≥Å ‡≤∏‡≥ã‡≤≤‡≥Å‡≤¨‡≤æ‡≤∞‡≤¶‡≥Å great ‡≤®‡≤ø‡≤ú‡≤µ‡≤æ‡≤ó‡≤ø‡≤Ø‡≥Ç
1,‡≤ó‡≥Å‡≤∞‡≥Å ‡≤Æ‡≥Ç‡≤µ‡≤ø ‡≤® re release madri.... entha kannda film na support madlilla andre. kannada ‡≤¶‡≤≤‡≥ç‡≤≤‡≤ø ‡≤Æ‡≥Ä‡≤°‡≤ø‡≤Ø‡≤æ yak beku. bhari avru trp koskara... nam ‡≤≠‡≤æ‡≤∑‡≥Ü use madkondu ‡≤¨‡≥á‡≤∞‡≥Ü ‡≤≠‡≤æ‡≤∑‡≥Ü. ‡≤´‡≤ø‡≤≤‡≥ç‡≤Æ‡≥ç ‡≤¨‡≤ó‡≥ç‡≤ó‡≥Ü. ‡≤§‡≥ã‡≤∞‡≤ø‡≤∏‡≥Å‡≤§‡≥ç‡≤§‡≤æ‡≤∞‡≥Ü.... shame on kannda media..... but this film was. heart touching
1,oooo bindu aunty nin badukbeka tik tok delete maduu
0,sakkath ag helde guru
1,ee news reporters sutti balasi information helodanna dayamadi badalayisikolli
0,dina hodante e song na hava kuda hecchagtide annoru like madi
0,chindi bro .....
1,benki music..yarappa dislike madirodu.... mostly rasmika mandana fans irbeku...nü§≠ü§≠ü§£ü§£ü§£ü§£songe he inge in movie nodudre...aste
1,ei movi pass aglile
1,3.38 detector divakarnjai
0,super n ‡≤ú‡≥à ‡≤°‡≤ø ‡≤¨‡≤æ‡≤∏‡≥ç
0,crazy guru ninu
1,kavravru ketavarala viraru
1,nam kangu kansli amele nambtivi
0,yarg artha agilvo lyrics nodi
0,en helde guru
0,‡≤®‡≤Æ‡≥ç‡≤Æ ‡≤ï‡≤®‡≥ç‡≤®‡≤° ‡≤á‡≤Ç‡≤°‡≤∏‡≥ç‡≤ü‡≥ç‡≤∞‡≥Ä‡≤∏‡≥ç ‡≤¨‡≥á‡≤∞‡≥Ü ‡≤≤‡≥ã‡≤ï‡≤ï‡≥ç‡≤ï‡≥Ü ‡≤§‡≤ó‡≥ä‡≤Ç‡≤°‡≥Å ‡≤π‡≥ã‡≤ó‡≥ä ‡≤∏‡≥Ä‡≤®‡≤ø‡≤Æ‡≤æ all the best rakshith sir
0,‡≤ú‡≤Ç‡≤ü‡≤≤‡≥ç ‡≤Æ‡≥ç‡≤Ø‡≤æ‡≤®‡≥ç ‡≤ü‡≥ç‡≤∞‡≥à‡≤≤‡≤∞‡≥ç ‡≤§‡≥Å‡≤Ç‡≤¨‡≤æ ‡≤Ö‡≤¶‡≥ç‡≤≠‡≥Å‡≤§‡≤µ‡≤æ‡≤ó‡≤ø ‡≤Æ‡≥Ç‡≤°‡≤ø ‡≤¨‡≤Ç‡≤¶‡≤ø‡≤¶‡≥Ü ‡≤é‡≤≤‡≥ç‡≤≤‡≤∞‡≥Ç ‡≤®‡≥ã‡≤°‡≤ø ‡≤§‡≤™‡≥ç‡≤™‡≤¶‡≥á ‡≤∂‡≥á‡≤∞‡≥ç ‡≤Æ‡≤æ‡≤°‡≤ø ‡≤ú‡≥Ü‡≤Ç‡≤ü‡≤≤‡≥ç ‡≤Æ‡≥ç‡≤Ø‡≤æ‡≤®‡≥ç ‡≤ö‡≤ø‡≤§‡≥ç‡≤∞ ‡≤§‡≤Ç‡≤°‡≤¶‡≤µ‡≤∞‡≤ø‡≤ó‡≥Ü ‡≤∏‡≤™‡≥ã‡≤∞‡≥ç‡≤ü‡≥ç ‡≤Æ‡≤æ‡≤°‡≤øn
0,‡≤ï‡≤∞‡≥ã‡≤®‡≤æ ‡≤µ‡≥à‡≤∞‡≤∏‡≥ç ‡≤π‡≤æ‡≤µ‡≤≥‡≤ø ‡≤Æ‡≥Å‡≤ó‡≤ø‡≤¶ ‡≤®‡≤Ç‡≤§‡≤∞ ‡≤Æ‡≤§‡≥ç‡≤§‡≥Ü ‡≤§‡≥Ü‡≤∞‡≥Ü‡≤ó‡≥Ü ‡≤§‡≤®‡≥ç‡≤®‡≤ø ‡≤¶‡≤Ø‡≤µ‡≤ø‡≤ü‡≥ç‡≤ü‡≥Å
0,love you so much anna
0,what a messege he gave atlast...madabekad kelasa madi...aarogya kapadkolli...
0,adda boss
0,sir nanu china apps na delete ‡≤Æ‡≤æ‡≤°‡≤ø‡≤¶‡≥Ä‡≤®‡≤ø sir
1,yelli tanka jana moodnambke bidalvo alli tanka inta shatnayakru useless videos haktane irrtare guru.nmahabharata tumba olle moral story. jeevanakke bekagiro tumba paata ide idralli. adunella use madkondu olle jeevna madbeku aste. nhindu muslim cristian etc etc... yella naav naav madkondirodu. yella manushyaru onde
1,super sir nnijavaglu namma desha tumba hinde ede .n edakke namma deshed rajkiya ne karna.
1,wowww matte barlebardu ah daridra app
0,yenandru chamayya mestra magaa
1,tik tok nan shataaü§£ü§£
0,600 ‡≤®‡≥Ü ‡≤≤‡≥à‡≤ï‡≥ç ‡≤®‡≤®‡≥ç‡≤®‡≤¶‡≥á
0,super vice kanree nimdu
0,rs fance like here
1,parthasarathi ‡≤®‡≤ø‡≤Æ‡≥ç‡≤Æ ‡≤Ö‡≤µ‡≥ç‡≤µ‡≥Å‡≤®‡≥ç ‡≤§‡≥Å‡≤≤‡≥ç‡≤≤‡≤ó‡≥Ü ‡≤π‡≤≥‡≤∏‡≤ø‡≤¶‡≥ç ‡≤π‡≥ã‡≤≥‡≤ø‡≤ó‡≥Ü ‡≤π‡≤æ‡≤ï
0,‡≤®‡≤®‡≥ç‡≤® ‡≤Æ‡≤®‡≥Ü‡≤ó‡≥Ü ‡≤¨‡≤Ç‡≤¶‡≤ø‡≤¶‡≥ç‡≤¶ full party ‡≤Æ‡≤æ‡≤°‡≤ø‡≤¶‡≥ç‡≤µ‡≤ø ‡≤á‡≤¶‡≤®‡≥ç‡≤®‡≥Å update ‡≤Æ‡≤æ‡≤°‡≤ø brother
0,super bro nan nimna support maadthini
0,all india language madi
0,full movie up load me sir
0,ede tym ge wait madta edhvi antu intu ban age bidtu
0,‡≤∞‡≤ï‡≥ç‡≤∑‡≤ø‡≤§‡≥ç ‡≤∂‡≥Ü‡≤ü‡≥ç‡≤ü‡≤ø ‡≤®‡≥Ä‡≤µ‡≥Å ‡≤∏‡≥Ç‡≤™‡≤∞‡≥ç
0,haudu swami.neevu helliddu satthyaa.gadugin bharat yemba grantha baredanthaa kumarvyaasare aa narayan santharu.igalu sahaa naavu veearanarayan temple nodabahudu.idu iruvadhu gadag city yalli.hubballi yindaa 55 km antharadalli ide.
0,howdu tumba reveal mad bitru
0,song na status ‡≤á‡≤ü‡≥ç‡≤ü‡≤ø‡≤∞‡≥ä‡≤∞‡≥Å ‡≤≤‡≥à‡≤ï‡≥ç ‡≤Æ‡≤æ‡≤°‡≥ç‡≤∞‡≤™‡≥ç‡≤™
1,‡≤∏‡≤ï‡≥ç‡≤ï‡≤§‡≥ç‡≤§‡≤æ‡≤ó‡≤ø ‡≤â‡≤ó‡≤ø‡≤§‡≤ø‡≤∞ ‡≤Ö‡≤£‡≥ç‡≤£ ü§Æü§Æü§Æ‡≤¶‡≥ä‡≤°‡≥ç‡≤° ‡≤∏‡≥ç‡≤ü‡≤æ‡≤∞‡≥ç ‡≤•‡≤∞ ‡≤Ö‡≤°‡≤ø‡≤§‡≤µ‡≥á..... ‡≤•‡≥Å........
0,‡≤Ø‡≥Ü‡≤®‡≥ç ‡≤ó‡≥Å‡≤∞‡≥Å ‡≤®‡≤ü‡≤®‡≥Ü ‡≤Ö‡≤§‡≥ç‡≤Ø‡≥Å‡≤§‡≥ç‡≤§‡≤Æ‡≤µ‡≤æ‡≤¶ ‡≤∞‡≤ï‡≥ç‡≤∑‡≤ø ‡≤∂‡≥Ü‡≤ü‡≥ç‡≤ü‡≤ø
1,hands up idu kannada antha ninge helidavatu yaru ü§£ü§£ü§£
0,god bless u ashwath sir nimma harogya chennagirali
0,shetty naan avagle helidini.... neen yen baidru
1,‡≤ó‡≥Å‡≤∞‡≥Å ‡≤®‡≤æ‡≤µ‡≥Å ‡≤®‡≤Æ‡≥ç ‡≤Ö‡≤™‡≥ç‡≤™‡≤®‡≥ç‡≤® ‡≤Ö‡≤™‡≥ç‡≤™ ‡≤Ö‡≤Ç‡≤§‡≥Ä‡≤µ‡≤ø ‡≤¨‡≥á‡≤∞‡≥á‡≤Ø‡≤µ‡≤∞‡≥ç‡≤®‡≤≤‡≥ç‡≤≤ ‡≤à ‡≤¨‡≤°‡≥ç‡≤°‡≤ø‡≤π‡≥à‡≤ï‡≥ç‡≤≥‡≥Å ‡≤é‡≤∑‡≥ç‡≤ü‡≥Å ‡≤ú‡≤®‡≤ï‡≥ç‡≤ï‡≥Ü ‡≤π‡≥Å‡≤ü‡≥ç‡≤ü‡≤µ‡≥ã
0,‡≤°‡≤ø ‡≤¨‡≤æ‡≤∏‡≥ç ‡≤Ö‡≤≠‡≤ø‡≤Æ‡≤æ‡≤®‡≤ø‡≤ó‡≤≥‡≤ø‡≤Ç‡≤¶ n‡≤∂‡≥Å‡≤≠ ‡≤Ü‡≤∞‡≥à‡≤ï‡≥Ü
0,guru idu yav movie remake alla sumne gotthilde yak helthira
0,ganesh bhat -‡≤ï‡≥ç‡≤∞‡≤∑‡≥ç‡≤£ ‡≤®‡≤ø‡≤Æ‡≥ç‡≤Æ ‡≤Æ‡≤®‡≥Ü‡≤ó‡≥Ü ‡≤¨‡≥¶‡≤¶‡≥Å ‡≤Æ‡≤ú‡≥ç‡≤ú‡≤ø‡≤ó‡≥Ü ‡≤ï‡≥Ü‡≤≥‡≤ø‡≤≤‡≥ç‡≤≤‡≤µ‡≤æ?!
1,remake movie ansthe
1,shetty ‡≤ì‡≤π‡≥ç ‡≤®‡≥Ä‡≤®‡≥ç ‡≤ó‡≤Ç‡≤°‡≥Å ‡≤°‡≤ó‡≤æ‡≤∞‡≥ç ‡≤ï‡≥Ü‡≤≤‡≤∏ ‡≤Æ‡≤æ‡≤°‡≥ã‡≤¶‡≤æ? ‡≤Ö‡≤¶‡≤ï‡≥ç‡≤ï‡≥Ü ‡≤Ö‡≤∑‡≥ç‡≤ü‡≥ä‡≤Ç‡≤¶‡≥Å ‡≤ñ‡≤∞‡≥ç‡≤ö‡≥Å ‡≤Æ‡≤æ‡≤°‡≥ã‡≤ï‡≥Ü ‡≤¶‡≥Å‡≤°‡≥ç‡≤°‡≥Å ‡≤∏‡≤ø‡≤ó‡≥ã‡≤¶‡≥Å.... ‡≤Ö‡≤¶‡≥ç‡≤∞ ‡≤¨‡≤¶‡≤≤‡≥Å ‡≤ï‡≥Ç‡≤≤‡≤ø ‡≤Æ‡≤æ‡≤°‡≤ø ‡≤§‡≤ø‡≤®‡≥ç‡≤®‡≥ã
1,parthasarathi gottu neenu cheeti tulla fan antha change madbeda
0,‡≤á‡≤¶‡≥Å ‡≤ö‡≤∞‡≤ø‡≤§‡≥ç‡≤∞‡≥Ü ‡≤∏‡≥É‡≤∑‡≥ç‡≤ü‡≤ø‡≤∏‡≥ä ‡≤Ö‡≤µ‡≤æ‡≤§‡≤∞ ‡≤Ö‡≤µ‡≤®‡≥á ‡≤∂‡≥ç‡≤∞‡≥Ä‡≤Æ‡≤®‡≥ç‡≤®‡≤æ‡≤∞‡≤æ‡≤Ø‡≤£
0,hand up bro.... super agide bro namma kannada movie adre sumanena
0,film nalli yellara kelasa chennagide.heroin super aagiddare .super aagi act maadiddarenduddalli sothiddareno gothilla.kannadigara hrudayadalli film geddide.heroine ge dayavittu chance kodi
0,super osam music
0,yogeesh yar avnu
0,olle comeback movie prajwal avrge
1,dislike madid gandu inondsala keli
1,le hudugira tik tok bidi banni lagori aduma horagde social distance nalli lagori ata tik tok ge tata only for tik tok girls ________
0,asn jai kannada
1,bro first avnge boss spelling kaliyol heli odok asayya agutte
0,‡≤∏‡≥Ç‡≤™‡≤∞‡≥ç ‡≤§‡≥Ç‡≤ó‡≤∞‡≤ø ‡≤§‡≤ø‡≤™‡≥ç‡≤™
0,‡≤ö‡≥Ä‡≤®‡≤æ ‡≤í‡≤Ç‡≤¶‡≥Å ‡≤µ‡≤ø‡≤∑‡≤Ø‡≤ï‡≥ç‡≤ï‡≥Ü ‡≤á‡≤∑‡≥ç‡≤ü ‡≤Ü‡≤ó‡≥Å‡≤§‡≥ç‡≤§‡≥Ü n‡≤è‡≤®‡≥Ü‡≤Ç‡≤¶‡≤∞‡≥Ü
0,nan nimm movie na theatre alle nodtini ...
0,super guru.........ji kannadiga
0,‡≤á‡≤¶‡≥Å ‡≤®‡≤Æ‡≥ç‡≤Æ ‡≤ï‡≤®‡≥ç‡≤®‡≤°
1,nayak ‡≤®‡≤ø‡≤®‡≥ç ‡≤§‡≥Å‡≤≤‡≥ç‡≤≤‡≥Å‡≤ó‡≥Ü ‡≤®‡≤®‡≥ç ‡≤§‡≥Å‡≤£‡≥ç‡≤£‡≤ø ‡≤á‡≤°‡≥ç‡≤≤‡≤ø
1,stupid fans avre enu heltilla
0,super bro i support u
1,tik tok mad suli makkalige chppali ach hodri sulimakkaliga and ladies fast chuthu sulimakkalu
0,ha mundalochane matte dooradrusti .....avarahage ide ....
1,howdu movie adbhuta..... tumba chennagide..... but ending swalpa disturbing ansatte..... adi and diya ondagiddidre innu chennagirtittu..... elru tumba chennag act madidare
0,k 9880823640.....‡≤á‡≤¶‡≥Å ‡≤®‡≤®‡≥ç‡≤® ‡≤´‡≥ã‡≤®‡≥ç ‡≤®‡≤Ç‡≤¨‡≤∞‡≥ç....‡≤®‡≤ø‡≤®‡≥ç‡≤® ‡≤é‡≤≤‡≥ç‡≤≤ ‡≤™‡≥ç‡≤∞‡≤∂‡≥ç‡≤®‡≥Ü‡≤ó‡≤≥‡≤ø‡≤ó‡≥Ü ‡≤â‡≤§‡≥ç‡≤§‡≤∞‡≤ø‡≤∏‡≥Å‡≤µ‡≥Ü
0,‡≤Ö‡≤Æ‡≤∞‡≥ç ‡≤Ö‡≤µ‡≤∞‡≥á ads ‡≤§‡≥Å‡≤Ç‡≤¨‡≤æ ‡≤ú‡≤æ‡≤∏‡≥ç‡≤§‡≤ø ‡≤Ü‡≤Ø‡≤ø‡≤§‡≥Å
0,bossu niv greatu
0,sup shankar nag sir vishnuvardan
0,‡≤á‡≤®‡≥ç‡≤®‡≥Ç ‡≤é‡≤≤‡≥ç‡≤≤‡≥Ü‡≤≤‡≥ç‡≤≤‡≤ø ‡≤ï‡≥á‡≤≥‡≥ç‡≤§‡≤µ‡≥ç‡≤∞‡≥ã.... ‡≤Ö‡≤¶‡≥Ü‡≤≤‡≥ç‡≤≤‡≤æ report ‡≤á‡≤µ‡≤®‡≤ø‡≤ó‡≥Ü ‡≤ï‡≥ä‡≤°‡≥ç‡≤∞‡≥ã... ‡≤Ö‡≤µ‡≤® reasearch ‡≤ó‡≥Ü help ‡≤Ü‡≤ó‡≥ç‡≤≤‡≤ø
0,‡≤∏‡≤∞‡≥ç ‡≤®‡≥Ä‡≤µ‡≥Å ‡≤π‡≥á‡≤≥‡≤ø‡≤¶ ‡≤™‡≥ç‡≤∞‡≤§‡≤ø‡≤Ø‡≥ä‡≤Ç‡≤¶‡≥Å ‡≤Æ‡≤æ‡≤§‡≥Ç ‡≤®‡≤ø‡≤ú.‡≤ú‡≥ä‡≤§‡≥Ü‡≤ó‡≥Ü ‡≤á‡≤¶‡≤∞‡≤ø‡≤Ç‡≤¶ ‡≤∏‡≥ç‡≤µ‡≤≤‡≥ç‡≤™‡≤µ‡≤æ‡≤¶‡≤∞‡≥Ç ‡≤ï‡≤≤‡≤ø‡≤§‡≥Å ‡≤ö‡≤ø‡≤ï‡≥ç‡≤ï ‡≤Æ‡≤ü‡≥ç‡≤ü‡≤¶‡≤≤‡≥ç‡≤≤‡≤ø ‡≤¶‡≥á‡≤∂‡≤¶ ‡≤Ö‡≤≠‡≤ø‡≤µ‡≥É‡≤¶‡≥ç‡≤ß‡≤ø‡≤ó‡≥Ü ‡≤™‡≥Ç‡≤∞‡≤ï‡≤µ‡≤æ‡≤¶ ‡≤∂‡≤ø‡≤ï‡≥ç‡≤∑‡≤£ ‡≤Æ‡≤§‡≥ç‡≤§‡≥Å ‡≤â‡≤§‡≥ç‡≤™‡≤æ‡≤¶‡≤®‡≥Ü‡≤Ø ‡≤Æ‡≤æ‡≤∞‡≥ç‡≤ó‡≤¶‡≤≤‡≥ç‡≤≤‡≤ø ‡≤®‡≤°‡≥Ü‡≤Ø‡≤≤‡≥Å ‡≤∂‡≥Å‡≤∞‡≥Å ‡≤Æ‡≤æ‡≤°‡≤≤‡≥á‡≤¨‡≥á‡≤ï‡≤æ‡≤¶ ‡≤ï‡≤æ‡≤≤‡≤µ‡≤ø‡≤¶‡≥Å.‡≤¨‡≤®‡≥ç‡≤®‡≤ø ‡≤ó‡≥ç‡≤∞‡≤æ‡≤Æ‡≥Ä‡≤£ ‡≤í‡≤ï‡≥ç‡≤ï‡≥Ç‡≤ü‡≤µ‡≤æ‡≤¶ ‡≤®‡≤Æ‡≥ç‡≤Æ ‡≤ó‡≥ç‡≤∞‡≤æ‡≤Æ‡≤ó‡≤≥‡≤≤‡≥ç‡≤≤‡≤ø‡≤∞‡≥Å‡≤µ ‡≤Æ‡≥Ç‡≤≤‡≤ó‡≤≥‡≤®‡≥ç‡≤®‡≥á ‡≤â‡≤™‡≤Ø‡≥ã‡≤ó‡≤ø‡≤∏‡≤ø‡≤ï‡≥ä‡≤Ç‡≤°‡≥Å ‡≤®‡≤Æ‡≥ç‡≤Æ ‡≤π‡≤≥‡≥ç‡≤≥‡≤ø‡≤Ø ‡≤ú‡≤®‡≤∞ ‡≤Ö‡≤µ‡≤∂‡≥ç‡≤Ø‡≤ï‡≤§‡≥Ü‡≤ó‡≤≥‡≥ç‡≤® ‡≤®‡≤Æ‡≥ç‡≤Æ ‡≤π‡≤≥‡≥ç‡≤≥‡≤ø‡≤ó‡≤≥‡≤≤‡≥ç‡≤≤‡≤ø‡≤Ø‡≥á ‡≤¶‡≥ä‡≤∞‡≥Ü‡≤Ø‡≥Å‡≤µ ‡≤µ‡≤∏‡≥ç‡≤§‡≥Å‡≤ó‡≤≥‡≤®‡≥ç‡≤®‡≥Å ‡≤¨‡≤≥‡≤∏‡≤ø ‡≤™‡≥Ç‡≤∞‡≥à‡≤∏‡≥Å‡≤µ ‡≤ï‡≥Ü‡≤≤‡≤∏‡≤ï‡≥ç‡≤ï‡≥Ü ‡≤Æ‡≥Å‡≤Ç‡≤¶‡≤æ‡≤ó‡≥ã‡≤£.‡≤á‡≤¶‡≥á ‡≤®‡≤Æ‡≥ç‡≤Æ ‡≤≠‡≤µ‡≥ç‡≤Ø ‡≤¨‡≤≤‡≤ø‡≤∑‡≥ç‡≤† ‡≤≠‡≤æ‡≤∞‡≤§‡≤¶ ‡≤®‡≤ø‡≤∞‡≥ç‡≤Æ‡≤æ‡≤£‡≤ï‡≥ç‡≤ï‡≥Ü ‡≤Æ‡≥ä‡≤¶‡≤≤ ‡≤π‡≥Ü‡≤ú‡≥ç‡≤ú‡≥Ü.
0,‡≤Ö‡≤£‡≥ç‡≤£‡≤® ‡≤Æ‡≥Ç‡≤µ‡≤ø ‡≤§‡≤ø‡≤ï‡≥ç‡≤≤ ‡≤™‡≥ä‡≤∞‡≥ç‡≤ï‡≤ø ‡≤π‡≥Å‡≤ö‡≥ç‡≤ö ‡≤µ‡≥Ü‡≤Ç‡≤ï‡≤ü‡≥ç ‡≤Ü‡≤°‡≤ø‡≤Ø‡≥ã ‡≤≤‡≤æ‡≤Ç‡≤ö‡≥ç ‡≤Æ‡≤æ‡≤∞‡≥ç‡≤∏‡≥ç ‡≤Ö‡≤≤‡≥ç‡≤≤‡≤ø‡≤® ‡≤Ö‡≤•‡≤µ‡≤æ ‡≤®‡≥Ü‡≤™‡≥ç‡≤ü‡≥ç‡≤Ø‡≥Ç‡≤®‡≥ç ‡≤®‡≤≤‡≥ç‡≤≤‡≤ø‡≤®
0,‡≤∏‡≤æ‡≤∞‡≥ç ‡≤á‡≤Ç‡≤§‡≤π ‡≤µ‡≥ç‡≤Ø‡≤ï‡≥ç‡≤§‡≤ø‡≤ó‡≤≥‡≥Å ‡≤µ‡≤ø‡≤∂‡≥á‡≤∑ ‡≤§‡≤Æ‡≥ç‡≤Æ ‡≤§‡≤Æ‡≥ç‡≤Æ ‡≤§‡≤Ç‡≤¶‡≥Ü ‡≤§‡≥Å‡≤Ç‡≤¨‡≤æ ‡≤™‡≥ç‡≤∞‡≤æ‡≤Æ‡≤æ‡≤£‡≤ø‡≤ï ‡≤®‡≤ü. ‡≤Ö‡≤µ‡≤∞ ‡≤Ü‡≤§‡≥ç‡≤Æ‡≤ï‡≥ç‡≤ï‡≥Ü ‡≤∂‡≤æ‡≤Ç‡≤§‡≤ø ‡≤∏‡≤ø‡≤ó‡≤≤‡≤ø ‡≤é‡≤Ç‡≤¶‡≥Å ‡≤ï‡≥á‡≤≥‡≥Å‡≤§‡≥ç‡≤§
0,yappa song super guruveü§£
0,chindi step chindi bgm superrrr
0,‡≤∂‡≤Ç‡≤ï‡≤∞‡≥ç ‡≤Ö‡≤∂‡≥ç‡≤µ‡≤§‡≥ç‡≤•‡≥ç ‡≤Ö‡≤µ‡≤∞‡≥Å bigg boss ‡≤ó‡≥Ü ‡≤¨‡≤∞‡≥ã‡≤¶‡≥Å ‡≤®‡≤ø‡≤ú‡≤æ‡≤®‡≤æ?
0,‡≤™‡≥ç‡≤∞‡≤ú‡≥ç‡≤µ‡≤≤‡≥ç ‡≤¶‡≥á‡≤µ‡≤∞‡≤æ‡≤ú‡≥ç sir is back
0,‡≤®‡≤æ‡≤≤‡≥ç‡≤ï‡≥Å ‡≤¶‡≤ø‡≤ï‡≥ç‡≤ï‡≥Å‡≤ó‡≤≥‡≤ø‡≤ó‡≥Ü ‡≤¨‡≥á‡≤ï‡≥Å ‡≤á‡≤µ‡≤®‡≥Å ‡≤¨‡≤Ç‡≤¶‡≥Ç‡≤ï‡≥Å ‡≤π‡≤ø‡≤°‡≤ø‡≤¶ ‡≤Æ‡≤æ‡≤®‡≤µ‡≤®‡≥Å ‡≤Ö‡≤µ‡≤®‡≥á ‡≤∂‡≥ç‡≤∞‡≥Ä‡≤Æ‡≤®‡≥ç‡≤®‡≤æ‡≤∞‡≤æ‡≤Ø‡≤£
0,‡≤á‡≤¶‡≥Å ‡≤ö‡≤∞‡≤ø‡≤§‡≥ç‡≤∞‡≥Ü ‡≤∏‡≥É‡≤∑‡≥ç‡≤ü‡≤ø‡≤∏‡≥ã ‡≤Ö‡≤µ‡≤§‡≤æ‡≤∞
0,tirividi yes support all kannada cinema
0,s b ‡≤π‡≥å‡≤¶‡≥Å ‡≤ó‡≥Å‡≤∞‡≥Å
0,edhu charitreh surishti suva awatra.....excellent
1,k ....‡≤é‡≤≤‡≥ç‡≤≤‡≤æ ‡≤∞‡≤æ‡≤ú‡≤ï‡≤æ‡≤∞‡≤£‡≤ø‡≤ó‡≤≥‡≥Å ‡≤ï‡≤≥‡≥ç‡≤≥‡≤∞‡≥Ü.... ‡≤á‡≤¶‡≥ç‡≤¶‡≥Å‡≤¶‡≤∞‡≤≤‡≥ç‡≤≤‡≤ø ‡≤¨‡≤ø‡≤ú‡≥Ü‡≤™‡≤ø ‡≤Ø‡≤µ‡≤∞‡≥Å ‡≤ï‡≤°‡≤ø‡≤Æ‡≥Ü ‡≤ï‡≤≥‡≥ç‡≤≥‡≤∞‡≥Å....
0,vitthal ‡≤∏‡≥Å‡≤¶‡≥ç‡≤µ‡≤™‡≤ø nxt ‡≤´‡≤ø‡≤≤‡≤Ç ‡≤∞‡≤ø‡≤≤‡≥Ä‡≤∏‡≥ç ‡≤á‡≤®‡≥ç mars
1,p neev nodideera antha kelthiyallappa neenu
0,cuz ee film single screens alli thumba kade release aagilla.... multiplexs alli release aagidee...idu ond reason
0,rashmika vaapas baaro haagide
1,sir intha cinema madida mele dodda mattadalli prachara madbekittu. nnodi prem avru dabba film madudru hype build-up create madodralli etthida kai.
1,‡≤ï‡≤®‡≥ç‡≤®‡≤° ‡≤ö‡≤ø‡≤§‡≥ç‡≤∞‡≤∞‡≤Ç‡≤ó‡≤¶ ‡≤°‡≤ø‡≤´‡≤∞‡≥Ü‡≤Ç‡≤ü‡≥ç ‡≤π‡≥Å‡≤≤‡≤ø
1,hottege anna thinnoru e reethi comment madbardu naveen raj nimmonthavre star war ge karana plz ella d boss abhimanigalu ivna gadipar madbekagi vinanthi
0,‡≤Ø‡≤∂‡≥ç ‡≤¨‡≤æ‡≤∏‡≥ç ‡≤Ö‡≤≠‡≤ø‡≤Æ‡≤æ‡≤®‡≤ø‡≤ó‡≤≥‡≤ø‡≤Ç‡≤¶ all the best
0,karabu song keli....bejar agii .....e song kelthaa edhini....ü§óü§óü§©ü§©ü§©
1,vitthal ‡≤®‡≤ø‡≤Æ‡≥ç‡≤Æ ‡≤π‡≥à‡≤µ‡≤æ‡≤®‡≥ç ‡≤´‡≥ç‡≤≤‡≤æ‡≤™‡≥ç
0,‡≤á‡≤Ç‡≤• ‡≤í‡≤≥‡≥ç‡≤≥‡≥Ü ‡≤´‡≤ø‡≤≤‡≥ç‡≤Æ‡≥ç ‡≤ó‡≤≥ ‡≤π‡≤æ‡≤µ‡≤≥‡≤ø ‡≤®‡≤Ç‡≤ó‡≥Ü ‡≤ó‡≥ä‡≤§‡≥ç‡≤§‡≤ø‡≤¶‡≥ç‡≤¶ ‡≤Æ‡≤ü‡≥ç‡≤ü‡≤ø‡≤ó‡≥Ü ‡≤≤‡≥Ç‡≤∏‡≤ø‡≤Ø‡≤æ
0,nice sir rakshit shettya
1,vishwanath nle d boos bagi matadaku ugyote bekale.... dam bekale.... kuri shetra ascar nominasahan filam gota? takat idre ond icy haatika filam tegiro nodana? joi d boos
1,lo nan magne
0,‡≤∏‡≥Ç‡≤™‡≤∞‡≥ç .. ‡≤§‡≥Å‡≤Ç‡≤¨‡≤æ ‡≤ö‡≥Ü‡≤®‡≥ç‡≤®‡≤æ‡≤ó‡≤ø‡≤¶‡≥Ü ..
0,‡≤∞‡≤ï‡≥ç‡≤∑‡≤ø‡≤§‡≥ç ‡≤∂‡≥Ü‡≤ü‡≥ç‡≤ü‡≤ø ‡≤∏‡≤ø‡≤®‡≤ø‡≤Æ‡≤æ ‡≤π‡≤æ‡≤ó‡≥Ç ‡≤π‡≤æ‡≤°‡≥Å ‡≤í‡≤Ç‡≤¶‡≥á ‡≤∞‡≥Ä‡≤§‡≤ø ‡≤í‡≤Æ‡≥ç‡≤Æ‡≥Ü ‡≤®‡≥ã‡≤°‡≤ø‡≤¶‡≤∞‡≥Ü ‡≤Ö‡≤∞‡≥ç‡≤• ‡≤Ü‡≤ó‡≤≤‡≥ç‡≤≤ ‡≤Æ‡≤§‡≥ç‡≤§‡≥ä‡≤Æ‡≥ç‡≤Æ‡≥Ü ‡≤®‡≥ã‡≤°‡≤ø‡≤¶‡≤∞‡≥Ü ‡≤Æ‡≤æ‡≤§‡≥ç‡≤∞ ‡≤ï‡≤®‡≥Ü‡≤ï‡≥ç‡≤ü‡≥ç ‡≤Ü‡≤ó‡≥Å‡≤§‡≥ç‡≤§‡≥Ü ‡≤é‡≤Ç‡≤¶‡≥Å ‡≤Æ‡≤§‡≥ç‡≤§‡≥ä‡≤Æ‡≥ç‡≤Æ‡≥Ü ‡≤ï‡≥á‡≤≥‡≥Å‡≤µ‡≤µ‡≤∞‡≥Å ‡≤π‡≤æ‡≤ó‡≥Ç ‡≤®‡≥ã‡≤°‡≥Å‡≤µ‡≤µ‡≤∞‡≥Å ‡≤≤‡≥à‡≤ï‡≥ç ‡≤Æ‡≤æ‡≤°‡≤ø
1,eetharau gandu questions yake keltairudo
0,yeshto dinagal nantra sanchari vinay avranna nodi kushi aithu
1,nonsense's who all r dislike dis video....
1,reginald kelly kithkabeku bandu edthine nandu
0,hundred persent true guruuu
0,idu charitre srushtiso avatara nice
0,avane srimannarayana super songs hands up
0,crazy song one more dance number............nsonge ee rangege ide andre innu movie kelbeka......
1,miss ella madkololla bidi i can downlode in teligram or swalpa dena odre tv nalle bharuthe
1,k k hawdo nin amman gaandu dagaar fans avna yogyathe hendthi kayi murdu jail ge hogi petty thing ubsa jaasti aagi ashtottige saarati andre lion king movie remake release maadkottiddu nam kiccha eega helu hendthi hodidu jail ge hodonu balegaarana jail olage idda kaami paravaagi film release maadkottinu balegaarana utra kodo nayi adukje helodu avnanna dagaar soolenagan antha nin amma haaku steppu alla thika muchkond
0,nim songs super
1,rashmika urakondu sayabeku atara belibeku bro nivu
0,kannada industry na promote madinkannada industry namma karunada samskruthi na uttungakke erisali..adanna bittu bollywood cinemagalige yake compare madbeku?!navara tara agabeku anno ase bidi..bollywood namma industry nodi kaliyo hage madabekunadikke nammellare support beku
0,‡≤¨‡≥ç‡≤∞‡≥ã ‡≤≤‡≥à‡≤ï‡≥ç appa ‡≤¨‡≥ç‡≤Ø‡≤æ‡≤®‡≥ç ‡≤Ü‡≤ó‡≤ø‡≤≤‡≥ç‡≤≤ ‡≤Ø‡≤æ‡≤µ‡≤æ‡≤ó ‡≤Ü‡≤ó‡≥Å‡≤§‡≥ç‡≤§‡≥Ü
1,saku thika muchu shoki nan magne
0,villan is khadak
0,thank you so much bro pakru
0,super guru
0,basavaraj marennavar bangaradamanususya
0,‡≤∞‡≤ï‡≥ç‡≤∑‡≤ø‡≤§‡≥ç ‡≤∂‡≥Ü‡≤ü‡≥ç‡≤ü‡≤ø ‡≤∏‡≤∞‡≥ç ‡≤∏‡≥Ç‡≤™‡≤∞‡≥ç ‡≤∏‡≤æ‡≤Ç‡≤ó‡≥ç
0,‡≤∏‡≥Ç‡≤™‡≤∞‡≥ç ‡≤∏‡≥Ç‡≤™‡≤∞‡≥ç ‡≤∏‡≥Ç‡≤™‡≤∞‡≥ç ‡≤∏‡≥Ç‡≤™‡≤∞‡≥ç ‡≤∏‡≥Ç‡≤™‡≤∞‡≥ç ‡≤∏‡≥Ç‡≤™‡≤∞‡≥ç ‡≤∏‡≥Ç‡≤™‡≤∞‡≥ç ‡≤ó‡≥Å‡≤∞‡≥Å
0,bigbossalli step hakiro controverrsy nodi bandiror yar yarppann like madi
0,sundaravada kate super
0,e song first time yarig tilidila avr like madi
0,abhinaya chakravarthi kiccha sudeep fans like here
1,bari prayojanake barada films nododu facebook youtube li comments hodiyodu...yaavalo hudugi siktale anta instagram li search madodo ede indians hanebaraha dhesha uddara hada hage ayyo
0,idu charitre srustiso avatara super sir
1,monster_kannada ‡≤Ø‡≤æ‡≤µ‡≥ç‡≤¶‡≥ã ‡≤≤‡≥ã‡≤ï‡≤≤‡≥ç ‡≤é‡≤£‡≥ç‡≤£‡≥Ü ‡≤ï‡≥Å‡≤°‡≤ø‡≤¶‡≥Å
0,‡≤®‡≤æ ‡≤ï‡≤Ç‡≤° ‡≤∏‡≥ç‡≤µ‡≤æ‡≤≠‡≤ø‡≤Æ‡≤æ‡≤®‡≤ø
0,‡≤∏‡≥Ç‡≤™‡≤∞‡≥ç ‡≤ó‡≥Å‡≤∞‡≥Ç ‡≤Ø‡≥Ü‡≤®‡≥ç ‡≤∏‡≥ç‡≤µ‡≤∞ ‡≤ó‡≥Å‡≤∞‡≥Ç ‡≤®‡≤ø‡≤Ç‡≤¶‡≥Å iam u r big fan ur thinking bro
0,super movie yaa......
1,kumar dabba nan maga rakshith shetty
0,subbaiah hai ennane ullira
1,tik tok uninstall madde irovrna china ge odsbeku bro
0,super bro nim matalli satya ide
0,china apps yallu remove madbeku sir nev innu strongag warning kodbeku sir
0,idu beku ivatthu full happy agidivi bro osm
1,g bandre ‡≤π‡≥á‡≤≥‡≥ç‡≤§‡≥Ä‡≤®‡≤ø ‡≤ó‡≥Å‡≤∞‡≥Å ‡≤®‡≤ø‡≤Ç‡≤ó‡≥Ü
0,prajakeeya barle beku
0,chindhi udayisidhya guru..... so i am happy.....
0,g dambal ü§®ü§ól
0,‡≤ï‡≤∞‡≥ç‡≤®‡≤æ‡≤ü‡≤ï ‡≤¨‡≤ø‡≤ü‡≥ç‡≤ü‡≥Å ‡≤¨‡≥á‡≤∞‡≥Ü ‡≤ï‡≤°‡≥á ‡≤™‡≥ç‡≤∞‡≥ä‡≤Æ‡≥ã‡≤∑‡≤®‡≥ç ‡≤Æ‡≤æ‡≤°‡≤∞‡≤™‡≥ç‡≤™ ‡≤∏‡≥Å‡≤Æ‡≥ç‡≤®‡≥Ü ‡≤á‡≤Ç‡≤§ movie ‡≤®‡≤æ ‡≤π‡≤æ‡≤≥ ‡≤Æ‡≤æ‡≤°‡≥ç‡≤¨‡≥á‡≤°‡≤ø
0,‡≤ö‡≤Ç‡≤¶‡≤®‡≥ç ‡≤∂‡≥Ü‡≤ü‡≥ç‡≤ü‡≤ø ‡≤ü‡≥ç‡≤∞‡≥ä‡≤≤‡≥ç ‡≤µ‡≤ø‡≤°‡≤ø‡≤Ø‡≥ã ‡≤®‡≥Ä‡≤µ‡≥Å ‡≤®‡≥ã‡≤°‡≤ø ‡≤®‡≥Ü‡≤ó‡≤°‡≥ç‡≤°‡≥Ü ‡≤á‡≤¶‡≥ç‡≤∞‡≥Ü ‡≤®‡≤æ‡≤µ‡≥ç ‡≤ó‡≥ç‡≤Ø‡≤æ‡≤∞‡≤Ç‡≤ü‡≤ø
0,‡≤∏‡≥Ç‡≤™‡≤∞‡≥ç ‡≤Ü‡≤ó‡≤ø ‡≤¨‡≤Ç‡≤¶‡≤ø‡≤¶‡≥Ü ‡≤®‡≤ø‡≤Æ‡≥ç‡≤Æ ‡≤ü‡≥ç‡≤∞‡≥à‡≤≤‡≤∞‡≥ç ‡≤à ‡≤´‡≤ø‡≤≤‡≤Ç ‡≤®‡≤ø‡≤Æ‡≥ç‡≤Æ ‡≤≤‡≥à‡≤´‡≥ç ‡≤Ö‡≤®‡≥ç‡≤®‡≥Å ‡≤ö‡≥á‡≤Ç‡≤ú‡≥ç ‡≤Æ‡≤æ‡≤°‡≤≤‡≤ø ‡≤™‡≥ç‡≤∞‡≤ú‡≥ç‡≤µ‡≤≤‡≥ç ‡≤Ö‡≤µ‡≤∞‡≥á ‡≤ï‡≥Ü‡≤≤‡≤µ‡≤∞‡≤ø‡≤∞‡≥Å‡≤§‡≥ç‡≤§‡≤æ‡≤∞‡≥Ü ‡≤Ö‡≤µ‡≤∞ ‡≤≤‡≥à‡≤´‡≤≤‡≥ç‡≤≤‡≤ø ‡≤è‡≤®‡≥Ç ‡≤Æ‡≤æ‡≤°‡≤≤‡≤ø‡≤ï‡≥ç‡≤ï‡≥Ü ‡≤Ü‡≤ó‡≤≤‡≥ç‡≤≤ ‡≤á‡≤®‡≥ç‡≤®‡≥ä‡≤¨‡≥ç‡≤¨‡≤∞ ‡≤¨‡≤ó‡≥ç‡≤ó‡≥Ü ‡≤Æ‡≤æ‡≤§‡≤®‡≤æ‡≤°‡≥Å‡≤§‡≥ç‡≤§‡≤æ‡≤∞‡≥Ü ‡≤Ö‡≤Ç‡≤§ ‡≤∞‡≤ø‡≤ó‡≥Ü ‡≤®‡≥Ä‡≤µ‡≥Å ‡≤è‡≤®‡≥Å ‡≤π‡≥á‡≤≥‡≤ø‡≤¶‡≤∞‡≥Ç ‡≤™‡≥ç‡≤∞‡≤Ø‡≥ã‡≤ú‡≤® ‡≤á‡≤≤‡≥ç‡≤≤ ‡≤®‡≤ø‡≤Æ‡≥ç‡≤Æ ‡≤à ‡≤´‡≤ø‡≤≤‡≥ç‡≤Æ‡≥ç ‡≤Ø‡≤∂‡≤∏‡≥ç‡≤∏‡≥Å ‡≤ï‡≤æ‡≤£‡≤≤‡≤ø ‡≤ú‡≥à ‡≤ï‡≤∞‡≥ç‡≤®‡≤æ‡≤ü‡≤ï
0,re realise maadenname change maade
0,sir yella song video clips release maadi
0,rakshi shetty fans yar edera like made
0,jana gali modlu mitron indian app bandide adanna use madbeku chaina app na modlu delete mad beku.
0,thankz brother ‡≤Ö‡≤µ‡≤≥‡≥Å ‡≤è‡≤®‡≤æ‡≤¶‡≥ç‡≤∞‡≥Å ‡≤§‡≤™‡≥ç‡≤™‡≥Å ‡≤Æ‡≤æ‡≤°‡≤ø‡≤¶‡≥ç‡≤≤‡≥Å ‡≤Ö‡≤Ç‡≤¶‡≤æ‡≤ó ‡≤¨‡≤Ø ‡≤™‡≤°‡≤ø‡≤∏‡≥ã‡≤£ ‡≤∏‡≥Å‡≤Æ‡≥ç ‡≤∏‡≥Å‡≤Æ‡≥ç‡≤®‡≥Ü ‡≤¨‡≥á‡≤° ‡≤Ö‡≤≤‡≥ç‡≤µ‡≤æ
0,jai rakshit shetty
1,t b kitkobekaste ninu bandi nandu
0,‡≤ö‡≤Ç‡≤¶‡≤®‡≥ç ‡≤∂‡≥Ü‡≤ü‡≥ç‡≤ü‡≤ø ‡≤ü‡≥ç‡≤∞‡≥ä‡≤≤‡≥ç ‡≤µ‡≤ø‡≤°‡≤ø‡≤Ø‡≥ã ‡≤®‡≥Ä‡≤µ‡≥Å ‡≤®‡≥ã‡≤°‡≤ø ‡≤®‡≥Ü‡≤ó‡≤°‡≥ç‡≤°‡≥Ü ‡≤á‡≤¶‡≥ç‡≤∞‡≥Ü ‡≤®‡≤æ‡≤µ‡≥ç ‡≤ó‡≥ç‡≤Ø‡≤æ‡≤∞‡≤Ç‡≤ü‡≤ø
0,diya na rakshit shetti na belsona
1,maadhari manushya
1,super song .......but movie realise agi 1 week adamele bidabekithu.......
1,urkolli nodi avrella
0,aadk guru nan nimana gurugalu anodu
0,of india ...‡≤Ö‡≤Ç‡≤§‡≤∞‡≥ç ‡≤ú‡≤æ‡≤§‡≤ø ‡≤µ‡≤ø‡≤µ‡≤æ‡≤π‡≤ï‡≥ç‡≤ï‡≥Å...... ‡≤ú‡≤æ‡≤§‡≤ø ‡≤µ‡≥ç‡≤Ø‡≤µ‡≤∏‡≥ç‡≤•‡≥Ü‡≤ó‡≥Ç......‡≤¶‡≥á‡≤∂ ‡≤â‡≤¶‡≥ç‡≤¶‡≤æ‡≤∞‡≤ï‡≥ç‡≤ï‡≥Ç ‡≤∏‡≤Ç‡≤¨‡≤Ç‡≤ß‡≤µ‡≤ø‡≤≤‡≥ç‡≤≤......
0,nooru kaala kannada hege hosaa shasanagallanu shrustisabeku
1,‡≤≠‡≤æ‡≤∞‡≤§‡≤¶‡≤≤‡≥ç‡≤≤‡≤ø ‡≤¨‡≤∞‡≤ø ‡≤∞‡≤æ‡≤ú‡≤ï‡≤æ‡≤∞‡≤£ ‡≤Æ‡≤§‡≥ç‡≤§‡≥Å ‡≤§‡≤Æ‡≥ç‡≤Æ ‡≤Æ‡≤ï‡≥ç‡≤ï‡≤≥ ‡≤∞‡≤æ‡≤ú‡≤ï‡≥Ä‡≤Ø ‡≤™‡≥ç‡≤∞‡≤µ‡≥á‡≤∂ ‡≤Æ‡≤§‡≥ç‡≤§‡≥Å ‡≤π‡≤£ ‡≤Æ‡≤æ‡≤°‡≥Å ‡≤∞‡≥Ä‡≤§‡≤ø ‡≤Ø‡≤æ‡≤µ ‡≤ï‡≤æ‡≤Ø‡≥Ä‡≤≤‡≥á ‡≤¨‡≤Ç‡≤¶‡≥ç‡≤∞‡≥á ‡≤™‡≥ç‡≤∞‡≤µ‡≤æ‡≤π ‡≤Ü‡≤¶‡≤∞‡≥Ü ‡≤é‡≤∑‡≥ç‡≤ü‡≥ä ‡≤π‡≤£ ‡≤¨‡≤∞‡≥Å‡≤§‡≥ç‡≤§‡≥Ü ‡≤Æ‡≤§‡≥ç‡≤§‡≥Ån‡≤Ø‡≤æ‡≤µ ‡≤∞‡≥Ä‡≤§‡≤ø ‡≤¨‡≤∞‡≥Å‡≤§‡≥ç‡≤§‡≥Ü ‡≤ï‡≥Ç‡≤≥‡≥ç‡≤≥‡≥á ‡≤π‡≥ä‡≤°‡≥Ü‡≤¶‡≥Å ‡≤Ø‡≤æ‡≤µ ‡≤ú‡≤æ‡≤ó‡≤¶‡≤≤‡≥ç‡≤≤‡≤ø ‡≤á‡≤¶‡≤∞ ‡≤¨‡≤ó‡≥ç‡≤ó‡≥á ‡≤Ø‡≥ã‡≤ö‡≤®‡≥Ü
0,power star fans like madi
0,nam boss andree kadmenaa guru
0,namm department nalli clark kaali adaaw yaradru candidates edry hyli n9901919091 whatsapp msg maadriii
1,amar prasaad sir nam deshadalli chaina kinta talehidukaru jassti edare gotta nam desha en kammi ella eslamikarana maadodaralli chaina kinta kammi ella nam deshadalli jana nammanna aa devastanakke sersilla ee devastanakke serlilla annoru chaina kinta kammi ella 100 ralli 35 % marks tagondru avrige meesalatiyalli kelsa tagolloru en chaina kinta kammi ella.nodona chainadalli estodu savalattu torsi nodona.
0,bucket hidiyor ü§≠
1,‡≤∏‡≥Å‡≤™‡≤∞‡≥ç ‡≤Æ‡≤ö‡≥ç‡≤ö‡≥ç ‡≤ï‡≤°‡≤ö ‡≤ö‡≥Ä‡≤®‡≤æ ‡≤∞‡≤Ç‡≤°‡≤ø‡≤Æ‡≤ï‡≥ç‡≤ï‡≤≥‡≤ø‡≤ó‡≥Ü ‡≤§‡≤ï‡≥ç‡≤ï ‡≤µ‡≥Ä‡≤°‡≥Ä‡≤Ø‡≥ã ....‡≤ú‡≥à ‡≤π‡≤ø‡≤Ç‡≤¶‡≥ç
1,kichcha sari bidu nimamman kalsu keydu ningobba chik balegaran hutsi kalsthivi avnu nim bale serskondu ella ottige kai thattivranthe signal alli enanthira bale pans now bale pans reaction hakro steppu
0,‡≤∂‡≥Å‡≤≠‡≤µ‡≤æ‡≤ó‡≤≤‡≤ø ‡≤Ö‡≤µ‡≤®‡≥á ‡≤∂‡≥ç‡≤∞‡≥Ä‡≤Æ‡≤®‡≥ç‡≤®‡≤æ‡≤∞‡≤æ‡≤Ø‡≤£‡≤®‡≤ø‡≤ó‡≥Ü
0,‡≤®‡≤æ‡≤®‡≥Å ‡≤Ö‡≤µ‡≤∞ ‡≤´‡≥ç‡≤Ø‡≤æ‡≤®‡≥ç
0,‡≤Ü‡≤∂‡≤ø‡≤ï ‡≤∏‡≥Å‡≤Æ‡≥ç‡≤®‡≥Ü ‡≤®‡≥Ä‡≤µ‡≥á ‡≤Æ‡≤¶‡≥Å‡≤µ‡≥Ü ‡≤Ü‡≤ó‡≤ø ‡≤∞‡≤ï‡≥ç‡≤∑‡≤ø‡≤§‡≥ç ‡≤∂‡≥Ü‡≤ü‡≥ç‡≤ü‡≤ø ‡≤Ö‡≤µ‡≤∞‡≤ø‡≤ó‡≥Ü .... ‡≤ú‡≥ã‡≤°‡≤ø ‡≤§‡≥Å‡≤Ç‡≤¨‡≤æ ‡≤ö‡≥Ü‡≤®‡≥ç‡≤®‡≤æ‡≤ó‡≤ø‡≤∞‡≥Å‡≤§‡≥ç‡≤§‡≥Ü....nnin beauty you >>>>>>>>>>‚Ä¢‚Ä¢‚Ä¢‚Ä¢ rashmika
0,super guru ella record break made madtira guru nivu i love sir
1,parthasarathi hogo sede gayash gojjekesari released in nayimari tunne
0,super song guru
0,bari hemme alla praana itkondivi nam kannadada mele.
0,nija guru ..... aa takattu nam industry alli yargu ella....
0,chindi... song
0,‡≤í‡≤°‡≥Ü‡≤Ø ‡≤®‡≤ø‡≤Æ‡≥ç‡≤Æ ‡≤™‡≥ç‡≤∞‡≥Ä‡≤§‡≤ø‡≤Ø ‡≤¶‡≤æ‡≤∏ ‡≤Æ‡≤§‡≥ç‡≤§‡≥Å ‡≤Ø‡≤∂‡≥ç ‡≤Ö‡≤≠‡≤ø‡≤Æ‡≤æ‡≤®‡≤ø‡≤ó‡≤≥ ‡≤ï‡≤°‡≥Ü‡≤Ø‡≤ø‡≤Ç‡≤¶ ‡≤í‡≤≥‡≥ç‡≤≥‡≥Ü‡≤¶‡≤æ‡≤ó‡≤≤‡≤ø ‡≤ú‡≥à ‡≤ï‡≤®‡≥ç‡≤®‡≤° ‡≤∏‡≤ø‡≤®‡≤ø‡≤Æ‡≤æ
0,‡≤ó‡≥Ü‡≤¶‡≥ç‡≤¶‡≥á ‡≤ó‡≥Ü‡≤≤‡≥ç‡≤≤‡≥Å‡≤µ‡≥Ü ‡≤í‡≤Ç‡≤¶‡≥Å ‡≤¶‡≤ø‡≤® ‡≤ó‡≥Ü‡≤≤‡≥ç‡≤≤‡≤≤‡≥á ‡≤¨‡≥á‡≤ï‡≥Å ‡≤®‡≤ø‡≤Æ‡≥ç‡≤Æ ‡≤í‡≤≥‡≥ç‡≤≥‡≥Ü‡≤Ø ‡≤§‡≤®
0,still trending no1...nafter 4days....
1,corona hesralli hospital nalli nadeethiro dandhe bagge vivarisi.... viruss bandu manushyaru saaythaaro ilvo gotthilla aadre hospital bill keli manushya badhukodu kastavaagidhe.
1,disliked people's listn1)rashmikan2)rashmika's mothern3)rashmika's fathern4)rashmika's relativesn5)& rashmika's fans.
1,‡≤∏‡≤§‡≥ç‡≤Ø‡≤ï‡≥ç‡≤ï‡≥Ü ‡≤¶‡≥Ç‡≤∞‡≤µ‡≤æ‡≤¶ ‡≤µ‡≤ø‡≤ö‡≤æ‡≤∞ . ‡≤Ø‡≤æ‡≤ï‡≥Ü ‡≤∏‡≥Å‡≤≥‡≥ç‡≤≥‡≥Å ‡≤π‡≥á‡≤≥‡≥Å‡≤§‡≥ç‡≤§‡≤æ‡≤∞‡≤ø
1,worst movie. artane illa. 1 concept kuda illa.
0,trailer ‡≤§‡≥Å‡≤Ç‡≤¨‡≤æ‡≤®‡≥á ‡≤ö‡≥Ü‡≤®‡≥ç‡≤®‡≤æ‡≤ó‡≤ø‡≤¶‡≥Ü
0,2.7k rashmika fans
0,pakk film sound madee madutte annoruu like madii..
1,yarappa ee hadannu dislike madiddu !!! mostly rashmika 1.1k sarthi dislike maadirbeku ha ha ha ha
1,hv ayyo bewarsi
0,wet madbeku allwaü•∞
0,kannadada chanukya namma rakshit shetty bro na yochanegalu...... dislike madiroru rashmika fans irbeku ......
0,100 million song idu
0,super creative kannadiga
0,namma rajyada young entrepreneur ge support maadi.
0,what a making ü§≠ü§≠ü§≠ suppppperrrrr rakshith shetty bro...ur a genius...nam kannada indestry and kannadigru yargu yavdhrallu kadme ella.. hatsup sir
0,‡≤ñ‡≤Ç‡≤°‡≤ø‡≤§ ‡≤Æ‡≤æ‡≤°‡≥ç‡≤§‡≤ø‡≤®‡≤ø bro
0,nama village ge bandidru
0,‡≤ö‡≥à‡≤®‡≤æ ‡≤ü‡≤ø‡≤ï‡≥ç ‡≤ü‡≤æ‡≤ï‡≥ç ‡≤Ø‡≥Ç‡≤∏‡≥ç ‡≤Æ‡≤æ‡≤°‡≥ç‡≤ï‡≥ä‡≤Ç‡≤°‡≥Å ‡≤ö‡≥à‡≤®‡≤æ ‡≤¨‡≤ó‡≥ç‡≤ó‡≥Ü
0,‡≤∏‡≥Å‡≤™‡≤∞‡≥ç ‡≤á‡≤ü‡≥ç ‡≤∏‡≤æ‡≤Ç‡≤ó‡≥ç ‡≤°‡≤ø ‡≤¨‡≤æ‡≤∏‡≥ç ‡≤Ü‡≤ó‡≤≤‡≥á ‡≤¨‡≥á‡≤ï‡≤ø‡≤§‡≥ç‡≤§‡≥Å ‡≤∏‡≥Ç‡≤™‡≤∞‡≥ç ‡≤∞‡≤ï‡≥ç‡≤∑‡≤ø‡≤§‡≥ç ‡≤∂‡≥Ü‡≤ü‡≥ç‡≤ü‡≤ø
0,nanu kuda direction course kalita iddene...nimma e mail i'd idre send madi bro...nanu ondu script bardiddene... trying hard make film ....
1,ninige bere kelsa ilvaa madoke
0,‡≤¶‡≤∞‡≥ç‡≤∂‡≤®‡≥ç ‡≤Ö‡≤≠‡≤ø‡≤Æ‡≤æ‡≤®‡≤ø‡≤ó‡≤≥ ‡≤ï‡≤°‡≥Ü‡≤Ø‡≤ø‡≤Ç‡≤¶ ‡≤Ü‡≤≤‡≥ç ‡≤¶ ‡≤¨‡≥Ü‡≤∏‡≥ç‡≤ü‡≥ç ‡≤Ü‡≤≤‡≥ç ‡≤¶ ‡≤¨‡≥Ü‡≤∏‡≥ç‡≤ü‡≥ç
1,‡≤ï‡≤•‡≥Ü‡≤Ø‡≤≤‡≥ç‡≤≤‡≤ø ‡≤¶‡≤Æ‡≥ç ‡≤á‡≤≤‡≥ç‡≤≤
