label,comment
0,роорпВро╡ро┐ ро╡рпЗро▒ ро▓рпЖро╡ро▓рпНро▓ роЗро░рпБроХрпНроХ рокрпЛроХрпБродрпБ
0,рокроЯроорпН роиро▓рпНро▓ роХро╛роорпЖроЯро┐ рокроЯрооро╛ роЗро░рпБроХрпНроХрпБроорпН рокрпЛро▓рпИропрпЗ..
0,роХро╛ро░рпНродрпНродро┐роХрпН роЪрпБрокрпНрокрпБро░ро╛роЬрпН роЕрогрпНрогрпЗ .... роЗроирпНрод рокроЯроорпН ро╡рпЖро▒рпНро▒ро┐ роЕроЯрпИроп роЙроЩрпНроХро▓рпБроХрпНроХрпБ роОройрпНройрпБроЯрпИроп ро╡ро╛ро┤рпНродрпНродрпБроХрпНроХро│рпН...
0,роХро╡рпБрогрпНроЯро░рпН родрпЗро╡ро░рпН роЪро╛ро░рпНрокро╛роХ ро╡рпЖро▒рпНро▒ро┐ рокрпЖро▒ ро╡ро╛ро┤рпНродрпНродрпБроХрпНроХро│рпН ЁЯжБ
0,роЗрокрпНрокрпЛ роЗроирпНрод роЯрпНро░рпЖропрпНро▓ро░рпИ рокро╛ро░рпНроХрпНроХрпБро▒ро╡роЩрпНроХ роТро░рпБ ро▓рпИроХрпН рокрпЛроЯрпБроЩрпНроХ
0,роОройрпН родро▓рпИро╡ройрпН ропрпЛроХро┐ рокро╛рокрпБ роЗро░рпБроХрпНроХро╛ро░рпН. рокроЯроорпН ро╡рпЗро▒ ро▓рпЖро╡ро▓рпНро▓ро╛ роЗро░рпБроХрпНроХрпБроорпН
0,роирпЗро░рпНроХрпКрогрпНроЯ рокро╛ро░рпНро╡рпИ... роЪрпЖроорпНроо роЪрпЖроорпНроо роЪрпЖроорпНроо роЯрпНро░рпЖропрпНро▓ро░рпН
0,роПропрпН роЗродрпБ 96 ропро╛ро░рпН роПрооро╛родрпНродро▒рпАроЩрпНроХ? роЪрпЖроорпНроо рокро┐ройрпНройро┐роЯрпНроЯрпАроЩрпНроХ
0,рокроЯроорпН роХрогрпНроЯро┐рокрпНрокро╛роХ ро╡рпЖро▒рпНро▒ро┐ рокрпЖро▒ ро╡рпЗрогрпНроЯрпБроорпН роЪрпЖроорпНроо ро╡рпЗро▒ ро▓рпЖро╡ро▓рпН
1,роХро░рпЖроХрпНроЯрпН. роОроЩрпНроХ роЕрокрпНрокро╛ рооро┐ро▓ро┐роЯрпНроЯро░ро┐ роЯро╛ роУроЯро┐ ро╡ро┐ро│рпИропро╛роЯ роЪрпКро▓рпНро▓ро┐ родро░рпБро╡ро╛ро░ро╛ропро╛
0,роЯро┐ро╕рпНро▓рпИроХрпН рокрпЛроЯрпНроЯро╡ройрпН ро░родрпНродроорпН роХро╛роХрпНроХро┐ родро╛ройрпН роЪро╛ро╡ро╛ройрпН
0,роЖройроирпНродро┐ роЖро░рпНрооро┐ропрпИ ро▓рпИроХрпН рокрогрпНрогрпБроЩрпНроХ!! роОройрпНройрпИропрпБроорпН роЗрокрпНрокроЯро┐ роЖроХрпНроХро┐роЯрпНроЯрпАроЩрпНроХро│рпЗ роЖройроирпНродро┐...
0,родро▓рпИро╡ро╛ рооро╛ро╕рпН роироЯро┐рокрпНрокро┐ройрпН роиро╛ропроХройрпН роЪрпВро░рпНропро╛ роЕрогрпНрогро╛ роГрокрпЗройрпНро╕рпН ро▓рпИроХрпН
0,роЗроирпНрод рокроЯроорпН роХрогрпНроЯро┐рокрпНрокро╛роХ ро╡рпЖро▒рпНро▒ро┐ропроЯрпИроп ро╡рпЗрогрпНроЯрпБроорпН роОрой ро╡ро╛ро┤рпНродрпНродрпБроХро┐ро▒рпЗройрпН....
0,роЗроирпНрод 1.06 рокрпЛродрпБ ропро╛ро░ро╛роЪрпНроЪрпБроорпН роЪро┐ро░ро┐роЪрпНроЪро╛ ро▓рпИроХрпН рокрогрпНрогрпБроЩрпНроХ .... родро╛роороЪрпВ!!
1,роЯрпЗропрпН ро░роЬро┐ройро┐ рокро╛ро╡роорпН роЯро╛ роирпА ро╡ро╛ро░ро╡ройрпН рокрпЛро▒ро╡ройрпН роОро▓рпНро▓ро╛ро░рпБроорпН роХро░ро┐родрпНродрпБ роХрпКро▒рпИроп рокрпЗроЪро┐роЯрпНроЯрпБ роЗро░рпБроХрпНроХро╛ройрпН 1:58
0,роЪрпЖроЯрпНроЯро┐ропро╛ро░рпН роЗрой роороХрпНроХро│рпН роЪро╛ро░рпНрокро╛роХ роОройродрпБ роЪрпКроирпНрод роЪрпЖро▓ро╡ро┐ро▓рпН 100 роЯро┐роХрпНроХрпЖроЯрпН роЗро▓ро╡роЪрооро╛роХ ро╡ро┤роЩрпНроХрпБроХро┐ро▒рпЗройрпН. рокроЯроХрпНроХрпБро┤рпБро╡ро┐ройро░рпНроХрпНроХрпБ роОройродрпБ рооройрооро╛ро░рпНроирпНрод ро╡ро╛ро┤рпНродрпНродрпБроХрпНроХро│рпН
0,родройрпБро╖рпН роГрокрпЗройрпНро╕рпН роЗроЩрпНроХ ро▓рпИроХрпН рокрогрпНрогрпБроЩрпНроХ.....
0,роЖродро┐ роОройрпНрой рокро╛ роЯро┐роГрокро░рпЖройрпНроЯро╛ роЗро░рпБроХрпНроХрпБ роЪрпБроорпНрооро╛
0,ро╡ро┐роЪрпБро╡ро╛роЪроорпН роЯрпАроЪро░рпНроХрпНроХрпБ роЕрокрпНрокрпБро▒роорпН ропро╛ро░рпНро▓ро╛роорпН роЗроЩрпНроХ ро╡роирпНродрпАроЩрпНроХ?
1,роЗроирпНрод рооро╛родро┐ро░ро┐ роХроорпЖрогрпНроЯрпНро╕рпНроХрпБ ро▓рпИроХрпН роХрпЗроХрпНроХрпБро▒ро╡роЩрпНроХро│ роЗроирпНродро┐ропро╛ро╡рпИ ро╡ро┐роЯрпНроЯрпБ ро╡рпЖро│ро┐роп роЕройрпБрокрпНрокройрпБроорпН
1,250k ро▓рпИроХрпНро╕рпН роЗроирпНрод роирпЗро░роорпН роЪро┐ро▓ роЕро▒ро┐ро╡рпБроХрпЖроЯрпНроЯ рокрпБрогрпНроЯрпИроХ роЗродрпБроХрпНроХрпБ роХро╛ро░рогроорпН ро╡ро┐ро╡рпЗроХрпН роУрокрпНро░ро╛ропрпН роЗро▓рпНро▓ роХроЬро▓рпН роЗро▓рпНро▓ роЕроХрпНро╖ро░ро╛ роХроХрпНроХродрпНродро╛ройрпН роЗройрпНройрпБроорпН роЪрпКро▓рпНро▓ро▓?
0,роОро▓рпНро▓ро╛роорпН роУроХрпЗ родро╛ройрпН....роЖройро╛ роЕроирпНрод рокрпКрогрпНрогрпБ роЖроЪрпИрокрпНрокроЯрпНроЯрпБ ро▓ро╡рпН рокрогрпНрогро┐ роЕро╡ройрпИропрпЗ роХрпКро▓рпИ рокрогрпНрог родрокрпНрокрпБ роЗро▓рпНро▓рпИропро╛...ропрпЛроЪро┐роЩрпНроХ............
1,ро╖ро╛ро░рпНроЯрпН роГрокро┐ро▓ро┐роорпНроорпИропрпБроорпН ро╡ро┐роЯрпНроЯрпБ ро╡рпИроХрпНроХро▓ропро╛... роОройрпНройроЯро╛ рокрогрпНрогро┐ ро╡роЪрпНроЪро┐ро░рпБроХрпНроХрпАроЩрпНроХ
0,роЪрпВрокрпНрокро░рпН роР роЖроорпН ро╡рпЖропро┐роЯрпНроЯро┐роЩрпН
0,роиро╛ройро┐ рооро▒рпНро▒рпБроорпН роЪрпВро░рпНропро╛ рокро░ро╕рпНрокро░ ро░роЪро┐роХро░рпНроХро│рпН ропро╛ро░ро╛ро╡родрпБ роЗро░рпБроХрпНроХрпАроЩрпНроХро│ро╛?
1,родрооро┐ро┤рпН роиро╛роЯрпНроЯрпБро▓ роЗро░рпБроХрпНроХрпБро▒ роЪро╛родро┐роп рокрпИродрпНродро┐ропроХрпНроХро╛ро░ роХрпВродро┐ропро╛ройрпБроЩрпНроХро│ роОро▓рпНро▓ро╛роорпН роУро░рпЗ роЗроЯродрпНродро┐ро▓рпН рокро╛ро░рпНроХрпНроХ роТро░рпБ ро╡ро╛ропрпНрокрпНрокрпИ родроирпНрод роорпЛроХройрпН ро╡ройрпНройро┐роХрпНроХрпБ роЪро╛ро░ро┐ рокройрпНройро┐роХрпНроХрпБ роиройрпНро▒ро┐роХро│рпН
0,роХрпЖроХрпНроХро╛ рокрпЖроХрпНроХро╛ ро╖ро╛ро░рпНроЯрпН рокро┐ро▓ро┐роорпН рооро╛родро┐ро░ро┐ роЗро░рпБроХрпНроХрпБ
0,роорпВро╡ро┐ рокро╛ро░рпНродрпНродрпБ роГрокрпАро▓рпН рокрогрпНрогрпБроЩрпНроХ ро▓рпИроХрпН рокрогрпНрогрпБроЩрпНроХ
0,роЗроирпНрод рокроЯрооро╛ро╡родрпБ ро╕рпНроХрпЗроХрпНроХрпБ роиро▓рпНро▓ роХроорпНрокрпЗроХрпНроХро╛ роЗро░рпБроХрпНроХрогрпБроорпН...
0,роЯро╛ройрпНро╕рпН роЗро▓рпНро▓ рокрпА родрпЗро╡ро╛ро╡рпИ рокро╛ро░рпНроХрпНроХро╡рпЗ роорпБроЯро┐ропро╛родрпБ рокрпЛро▓
0,роЗроирпНрод рокроЯроорпН рооро╛рокрпЖро░рпБроорпН ро╡рпЖро▒рпНро▒ро┐ропроЯрпИропрпБроорпН. ро╣ро╛роЪройрпН ро░роЪро┐роХро░рпНроХро│ро┐ройрпН ро╡ро╛ро┤рпНродрпНродрпБроХрпНроХро│рпН
0,роОро╕рпН роЯро┐ роЖро░рпН рооро╛ро╕рпН роиро╛роорпНрок родро╛ройрпН роЯро╛
1,роТродрпНродро╛ ро╡ро╛роп роТроЯрпИроЪрпНроЪро┐ро░рпБро╡рпЗройрпН родро│рокродро┐роп рокро╛родрпНродрпБ роЪро┐ро░ро┐роЪрпНроЪро┐ро░рпБроХрпНроХ
0,рокро┐- рокропроЩрпНроХро░рооро╛рой роП - роЕроЬро┐родрпН роР - роЗро▓рпН роЖро░рпН - ро░роЪро┐роХро░рпН роП - роЕроЯрпНрооро┐роЯрпНроЯро┐роЩрпН ро╡ро┐- ро╡ро┐роЬропрпН роП - роЕрогрпНрогро╛ роП - роЕро░рпБроорпИ <3
0,роЬро╕рпНроЯрпН 10 роЗропро░рпНро╕рпН роЕрокрпНрокроЯро┐ропрпЗ роОро▓рпНро▓ро╛ро░рпБроорпН рокро╛родрпНродро╛ рооро╛родро┐ро░ро┐ роЗро░рпБроХро┐роЩрпНроХ ЁЯе│ рокроЯроорпН ро╡рпЖро▒рпНро▒ро┐ роЕроЯрпИроп ро╡ро╛ро┤рпНродрпНродрпБроХрпНроХро│рпН ЁЯе│ЁЯе│ЁЯдйЁЯдй
0,роЯрпИ ро╣ро╛ро░рпНроЯрпН роГрокрпЗройрпНро╕рпН ро▓рпИроХрпН рокрогрпНрогрпБроЩрпНроХ...
0,роЪро┐роЩрпНроХроорпН роЪро┐роЩрпНроХро┐ро│ро╛ ро╡ро░рпБроорпН рокрпИро░ро╡ро╛ рокрпИроХрпНроХро┐ро░роорпНрооро╛ ро╡ро░рпБроорпН
0,роЪрпВрокрпНрокро░рпН роЪрпЖроорпНроо рооро╛ро╕рпН рокро┐ро░роорпН ро╡ро┐роЬропрпН роГрокрпЗройрпН
0,ро╡рпЖро▒рпНро▒ро┐ рокрпЖро▒ ро╡ро╛ро┤рпНродрпНродрпБроХрпНроХро│рпН роХрогрпНроЯро┐рокрпНрокро╛роХ родро┐ро░рпИропро░роЩрпНроХро┐ро▓рпН рокро╛ро░рпНроХрпНроХро╡рпЗрогрпНроЯрпБроорпН
0,роОройрпНройроЩрпНроХроЯро╛ роЯро┐ро░рпИро▓ро░рпИропрпЗ ро╡рпЖро▒ро┐родрпНродройрооро╛ роОроЯрпБродрпНродрпБро░рпБроХрпАроЩрпНроХ...роЕрокрпНрокрпЛ рокроЯроорпН....ро╕рпНроХро┐ро░рпАройрпН роХро┐ро┤ро┐роп рокрпЛроХрпБродрпБ...роЪрпЖроорпНрооропро╛ родро▓рпИро╡ро╛
1,8000 роЯро┐ро╕рпНро▓рпИроХрпН рокрпАрокрпНрокро┐ро│рпН роЪрпБроЯрпН роЯрпИ роЕро╕рпН роЪрпВройрпН роЕро╕рпН рокро╛роЪро┐рокро┐ро▓рпН
0,роЗродрпБ роЪро╛родро┐ рокроЯроорпН роЕро▓рпНро▓ рокрпЖрогрпНроХро│ро┐ройрпН рокроЯроорпН роТро░рпБ роЪро┐ро▓ рокрпЗро░рпН рокрогрпНрогрпБроорпН родро╡ро▒ро╛ро▓рпН роЪро╛родро┐роХрпНроХрпБ роХрпЖроЯрпНроЯ рокрпЗро░рпБ роЕродро╛ройрпН рокроЯроорпН
0,роЬрпЖропроорпНро░ро╡ро┐ роЙроЩрпНроХроорпЗро▓ роиро▓рпНро▓ рооро░ро┐ропро╛родрпИ роЗро░рпБроХрпНроХрпБ родро▓рпИро╡ро░рпИ роирпАроЩрпНроХро│рпНро│рпБроорпНрооро╛
0,ро╡рпЖро▒рпНро▒ро┐ рокрпЖро▒ ро╡ро╛ро┤рпНродрпНродрпБроХрпНроХро│рпН... ро╡рпЖро│рпНро│ро╛ро│ро░рпН роЪро╛ро░рпНрокро╛роХ
0,рооро░рог рокроЩрпНроХроорпН...ро╡рпЖро▒ро┐родрпНродройроорпН роУро╡ро░рпНро▓рпЛроЯроЯрпН роЯрпВ роЪрпВро░рпНропро╛ роЕрогрпНрогро╛ роГрокрпЗройрпНро╕рпН...ро╣рпНроорпНроорпН роХрпКро▓рпИ рооро╛ро╕рпН рокрогрпНрогрпБроЩрпНроХ рокроЩрпНроХро╛ро│ро┐роХро│ро╛...
0,роХрпВро╕рпНрокроорпНро╕рпН ро╡роирпНрод ро╡роЩрпНроХро╛ро│ро╛ ро▓рпИроХрпН рокрпЛроЯрпБроЩрпНроХ
0,роЗроирпНрод рокроЯроорпН ро╡ро░рогрпБроорпН роЪроорпВроХ рооро╛ро▒рпНро▒родрпНродро┐ро▒рпНроХро╛рой рокроЯроорпН ...18k роЯро┐ро╕рпНро▓рпИроХрпНро╕рпН роЗродрпБро▓ роОройрпНрой родрпЖро░ро┐ропрпБродрпБ роЕро╡рпНро│рпЛ рокрпЛро░ро┐роХрпНроХрпБ рокрпКро░ро┐роХрпНроХрпБроЯрпНроЯрпБ роЗро░рпБроХрпНроХрпБ рокрпКрогрпНрогрпБроЩрпНроХро│...
0,рооро╛ро░рпНро╡рпЖро▓рпН роорпАроЯро┐ропро╛ роОройрпНройрпБроЯрпИроп роЪрпЗройро▓рпН. рокрпНро│рпАро╕рпН ро╡ро┐роЪро┐роЯрпН рокрогрпНрогрпБроЩрпНроХ роЪрокрпНро╕рпНроХро┐ро░рпИрокрпН рокрогрпНрогрпБроЩрпНроХ
0,роЪро┐ро▒рокрпНрокро╛рой родро░рооро╛рой роЪроорпНрокро╡родрпНродрпИ роЗройро┐роорпЗ родро╛ройрпН рокро╛роХрпНроХ рокрпЛро▒рпЛроорпН
0,0.41 рокрпЖропро░рпН роЯрпЗроХрпНроХрпИ рокро╛ро░рпБроЩрпНроХро│рпН ро╡ро┐роЬропрпН роХрпБрооро╛ро░рпН
0,родро┐ро░рпМрокродро┐ роЪро╛родро┐ ро╡рпЖро▒ро┐ рокроЯроорпН...роЪро┐ро▒рпБродрпНродрпИроХро│рпН роЕрокрпНрокрпЛ рок.ро░роЮрпНроЪро┐родрпН роОроЯрпБродрпНродродрпБ роОройрпНрой рокроЯрооро╛роЯро╛ роиро╛ропрпЗЁЯдг
0,роЕройрпНро▒рпИроХрпНроХрпБ роОроЩрпНроХро│рпН роХрпБро▓ роЪро╛рооро┐ роЪрпКройрпНройродрпБ родро┐ро░рпМрокродро┐ родро┐ро░рпИрокрпНрокроЯроорпН роЗро╡ройрпН.рооро╛ро╡рпАро░ройрпН родроорпНрокро┐ роЪро░родрпН...ЁЯжБЁЯжБЁЯжБ
0,рокрпЛродрпН ро╡ро┐роЪро┐роХрпЗ & рокро┐роОроорпНроХрпЗ роГрокрпНро░ро╛роЯрпБ рокроЪроЩрпНроХ родро╛ройрпН роЯро╛ роПройрпН роЯро╛ роЗрод рокроЯродрпНродрпБро▓ роХро╛роЯрпНроЯро┐ роОроЩрпНроХро│ роороХрпНроХро│ роЬро╛родро┐ роХро▓ро╡ро░роорпН родрпВрогрпНроЯрпБро░ро┐роЩрпНроХ
0,рооройроЪрпБ роХрпБро│рпНро│ роЗро░рпБроирпНрод роХрпЛро╡роорпН роОро▓рпНро▓ро╛роорпН роЗрокрпНрокрпЛ ро╡рпЖроЯрпНроЯ ро╡рпЖро│ро┐роЪрпНроЪроорпН роЖроХро┐ропро┐ро░рпБроХрпНроХрпБ .. роиройрпНро▒ро┐ рокроЯроХрпНроХрпБро┤рпБ
1,родро┐ропрпЗроЯрпНроЯро░рпН роОро▓рпНро▓ро╛роорпН роЗройрпНроЪрпВро░рпН рокрогрпНрогро┐ ро╡роЪрпНроЪрпБроХроЩрпНроХрокрпНрокро╛.. 2.00 ро▓ родро┐ропрпЗроЯрпНроЯро░рпН роОро▓рпНро▓ро╛роорпН роХройрпНроЯроорпН!
1,роиро╛ройрпН роЕро░роЪро┐ропро▓рпБроХрпНроХрпБ ро╡ро░рпБро╡родрпБ роЙро▒рпБродро┐.....ро░роЬро┐ройро┐ роЯрпЖро▓рпНро╕рпН роЗроирпНрод роЯропро▓ро╛роХрпН роЪро┐ройрпНро╕рпН 96. роЪрпЖроорпНроорпЗ роЬрпЛроХрпН.
0,родро▓рпИро╡ро░рпН ро╡рпЗро▒ ро▓рпЖро╡ро▓рпН роЪрпВро░рпНропро╛ роОройрпНройрпЛроЯ роЙропро┐ро░рпН роЕро╡ро░рпБ роТро░рпБ ро░ро╛роХрпНро╕рпНроЯро╛ро░рпН
0,ро╡ро╛ро╡рпН ро╡ро╛ро╡рпН ро╡ро╛ро╡рпН.... роЪрпВро░рпНропро╛ роЕрогрпНрогро╛
1,роХрпЛрооро╛ро│ро┐ ро▓рпБроХрпН роЯрпАроЪро░рпНро▓ ро╡ро░ро╡рпЗ роЗро▓рпНро▓
0,роЕро░рпБроорпИ.... 10000000% роЪро┐ро▒рокрпНрокрпБ........ ро╡ро╛ро┤рпНроХ. роХрпБроЯрпБроорпНрокродрпНродро┐ройро░рпЛроЯрпБ роЪрпЖройрпНро▒рпБ родро┐ро░рпИропро░роЩрпНроХро┐ро▓рпН роороЯрпНроЯрпБроорпЗ рокро╛ро░рпНрокрпНрокрпЛроорпН. роЗрокрпНрокроЯро┐роХрпНроХрпБ родрпЗро╡ро░рпН роороХройрпН.
0,роЬро┐рооро┐роХрпНроХро┐ роХроорпНрооро▓рпБроХрпНроХрпБ роЗройрпНройрпБроорпН роиро┐ро▒рпИроп рокро╛ро░рпНро╡рпИропро╛ро│ро┐роХро│рпН роЗро░рпБроХрпНроХро╛роЩрпНроХ ЁЯдг
0,ропрпБ1 рокро┐роЬро┐роОроорпН рооро╛ро╕рпН ро╡рпЖро░ро▓ро╛ ро▓рпЖро╡ро▓рпН родро▓рпИ ро▓рпБроХрпН роЪрпЖроорпИропро╛
0,ро╡ро╛ро┤рпНродрпНродрпБроХрпНроХро│рпН роирогрпНрокро╛... роЪроорпВроХродрпНродро┐ройрпН роироЯроХрпНроХрпБроорпН роЙрогрпНроорпИ роЪроорпНрокро╡роЩрпНроХро│рпИ рокроЯрооро╛роХ роОроЯрпБродрпНродродро▒рпНроХрпБ роирпЖроЮрпНроЪро╛ро░рпНроирпНрод роиройрпНро▒ро┐ропрпИродрпН родрпЖро░ро┐ро╡ро┐родрпНродрпБроХрпНроХрпКро│рпНроХро┐ро▒рпЗройрпН.. роЗродрпБ рокрпЛройрпНро▒ рокроЯроЩрпНроХро│рпИ роорпЖройрпН роорпЗро▓рпБроорпН рокроЯрпИроХрпНроХ ро╡ро╛ро┤рпНродрпНродрпБроХрпНроХро│рпН...
0,роорогро┐ ро░родрпНройроорпН роХро┐роЯрпНроЯ роЗрокрпНрокроЯро┐ роТро░рпБ ро╕рпНроХро┐ро░ро┐рокрпНроЯрпН роЖро╣рпН... роУ роОроорпН роЬро┐... ро╡рпЗро▒ ро▓рпЖро╡ро▓рпН!!(
0,рокроЩрпНроХро╛ро│ро┐роХро│ро╛ 2 рооро┐ро▓рпНро▓ро┐ропройрпН ро▓рпИроХрпНро╕рпН ро╡ро░рогрпБроорпН роЗройрпНройрпБроорпН ро╡рпЗроХрооро╛ ро▓рпИроХрпН родрпЖро▒ро┐роХрпНроХ ро╡ро┐роЯрпБроЩрпНроХ
0,роРропрпНропрпЛ родро▓рпИро╡ро╛ ро╡рпЗро▒ ро▓рпЖро╡ро▓рпН роХройрпНрокро╛ро░рпНроорпН роОро▓рпНро▓ро╛ро░рпБроорпЗ ро░роЬро┐ройро┐роГрокрпИроЯрпН
0,роЕроЯрпНро▓рпА ро╡рпЖро▒рпБроорпН рокроп роЗро▓рпНро▓. роЯрпНро░рпЖропрпНро▓ро░рпНро▓ропрпЗ роОро╡рпНро│рпЛ роЕро┤роХро╛ роХродрпИ роЪрпКро▓рпНро▒ро╛ройрпН!!!
1,рокро╛ ро░роЮрпНроЪро┐родрпН рокро╛ро░рпБ роЯро╛ роЙройроХрпНроХрпБ роОро╕рпНроЪро┐ роОро╕рпНроЯро┐ роХрпКроЯрпНроЯрпЗ роЬро╛рокрпН роХро╡ро░рпНроорпЖрогрпНроЯрпН роЬро╛рокрпН роХрпБро╡ро╛ро░рпНроЯро░рпНро╕рпН роОро▓рпНро▓ро╛роорпН роХрпЗройрпНроЪро▓рпН рокрогрпНрогройрпБроорпН
0,роХроЬро▓рпН роЕроХро░рпНро╡ро╛ро▓рпН роЗро╕рпН рокрпЗроХрпН роР роЕроорпН роЪрпЛ ро╣рпЗрокрпНрокро┐
0,ро╡ро┐роЬропрпН роЪрпЗродрпБрокродро┐ роЪро╛ро░рпН роЪроЩрпНроХродрпНродрооро┐ро┤ройрпН рокроЯроорпН роОроЯрпБродрпНрод роОрокрпНрокроЯро┐ роУроЯро╛роо роЗро░рпБроХрпНроХрпБ роР роЖроорпН ро╡рпЖропро┐роЯрпНроЯро┐роЩрпН роороХрпНроХро│рпН роЪрпЖро▓рпНро╡ройрпНЁЯдйЁЯдйЁЯдйЁЯдйЁЯдйЁЯдйЁЯдй
0,роХроЯрпИроЪро┐ ро╡ро╛ро░рпНродрпНродрпИ роЗроЯрпНро╕рпН роЪрпВрокрпНрокро░рпН (роТро░рпБродрпНродро╡роЩрпНроХ роорпЗро▓ ро╡ро┐роЪрпБро╡ро╛роЪродрпНрод роХро╛роЯрпНроЯрпБро░родрпБроХрпНроХро╛роХ роЗройрпНройрпКро░рпБродрпНродро╡роЩрпНроХро│ роЕроЪро┐роЩрпНроХ рокроЯрпБродрпНродро╛родро┐роЩрпНроХ).
0,родро▓рпИро╡ро╛ родро╛ро▒рпБ рооро╛ро▒рпБ рооро░рог рооро╛ро╕рпН ро╡ро┐ро│рпИропро╛роЯро▓ро╛рооро╛
1,2.04 .ро░роЬро┐ройро┐ роЖро╣рпН роЪрпЖро░рпБрокрпНрокро╛ро▓ роЕроЯро┐роЪрпНроЪ рооро╛ро▒ро┐ роЗро░рпБроирпНродрпБроЪрпНроЪрпБ
0,роОро╕рпНроХрпЗ роХро╛роХ рокро╛роХрпНроХ ро╡роирпНродро╡роЩрпНроХ ро▓рпИроХрпН рокрогрпНрогрпБроЩрпНроХ
0,рокроЯрпН роХро┐ро░ро╛рокро┐роХрпНро╕рпН роЪрпКродрокрпНрокро▓рпН рокрогрпНрогро┐роЯрпНроЯро╛ройрпБроХ роЖроЩрпНроХро┐ро▓ роХро╛ро░ рокрпЛроЯрпНроЯро┐роЩрпНроХ роЕродро╛ройрпН рокроЯроорпН ро▓рпЗроЯрпН роЖроХро┐роЯро┐роЪрпНроЪро┐
0,роЕро░роЪро┐ропро▓рпБроХрпНроХрпБ ро╡ро░рпБро╡родрпБ роЙро▒рпБродро┐ ... ро░роЬро┐ройро┐ .... роЗродрпБ 1996 ... ЁЯдгЁЯдгЁЯдг
0,роОройро┐ роТройрпН роЖроГрокрпНроЯро░рпН роОройрпНроХрпЗроХрпЗ роЕрогрпНроЯрпН роХро╛рокрпНрокро╛ройрпН роЯрпАроЪро░рпН
1,рокро┐ро░рогрпНроЯрпНройрпБ роГрокрпЗро╕рпНрокрпБроХрпНро▓ ро▓рпИроХрпН роХрпБроЯрпБроХрпНроХрпБро▒ рокро┐ро░рогрпНроЯрпНройрпБ роиро┐ройрпИроЪрпНроЪро┐ропро╛ ро▓рпИроГрокрпНрокрпЗ роХрпБроЯрпБроХрпНроХрогрпБроорпН роЯро╛
0,роОро▓рпНро▓ро╛ роЪрпАройрпБроорпН роЪрпБроорпНрооро╛ родрпЖро░ро┐роХрпНроХрпБродрпБ роХрогрпНроЯро┐рокрпНрокро╛ ро╡рпЗро▒ ро▓рпЖро╡ро▓рпН рокро┐ро│ро╛роХрпНрокро╕рпНроЯро░рпН
0,роХрпБроЬро░ро╛родрпН рокроЯрпНроЯрпЗро▓рпН роЗройродрпНродро┐ройрпН роЪро╛ро░рпНрокро╛роХ ро╡рпЖро▒рпНро▒ро┐ рокрпЖро▒ ро╡ро╛ро┤рпНродрпНродрпБроХрпНроХро│рпН
0,роЙройроХрпНроХрпБ ропро╛ро░ро╛ро╡родрпБ рокро┤рпИроп рокро┐ро░рогрпНроЯрпБ роЗро░рпБроХрпНроХро╛роЩрпНроХро│ро╛...... роироорпНрокро╛род....
1,ро╕рпНроЯрпЗроЯрпНроЯрпБ роУроЯрпИроХро▓ро╛роорпН рокроЯрпН рокро┐роЖро░рпН роХрпКро│рпНроХрпИропрпИ роЕро┤ро┐роХрпНроХ роорпБроЯро┐ропро╛родрпБ
0,роЪрпВро░рпНропро╛ роЕрогрпНрогро╛ рокрпЖро░ро┐роп ро░роЪро┐роХро░рпН
0,рокрпНро│рпАро╕рпН родрпЖро▓рпБроЩрпНроХрпБ роЯрокрпНрокро┐роЩрпН родрпЖро▓рпБроЩрпНроХрпБ родройрпБро╖рпН роГрокрпЗройрпНро╕рпН
1,роЕропро░рпНройрпН роорпЗройрпН ро░роЪро┐роХро░рпНроХро│рпН роЗроирпНрод ро╡рпАроЯро┐ропрпЛ роХрпНроХрпБроХрпН ро╡ро┐ро░рпБрокрпНрокроорпН роЗро▓рпНро▓рпИ рокрпЛроЯрпБроЩрпНроХ
1,рокроХрпНроХродрпНродрпБройрпЗ рокрпЛро▒ роЗроирпНрод роХро╛ро│ро┐ропрпЛроЯ роЖроЯрпНроЯродрпНрод ЁЯдШЁЯдШЁЯдШЁЯдШЁЯдШЁЯдШЁЯдШЁЯдШЁЯдШЁЯдШЁЯдШЁЯдШЁЯдШЁЯдШЁЯдШ
1,рооро░рог рооро╛ро╕рпН роЖро╣рпН роЗро░рпБроХрпНроХрпЗ...роЪро╛роЩрпН роЙроорпН роЯрпНро░рпЖропрпНро▓ро░рпН роЙроорпН...роЪро╛ро╡роЯро┐
1,роорпЗро░рпНроЪро▓рпН роХрпБ роЪро┐ро░ро┐роЪрпНроЪро╛ роЪро┐ро░ро┐рокрпНрокрпБ ро╡ро┐роЪрпБро╡ро╛роЪроорпН роорпВро╡ро┐ роХрпБ роЗро▓рпНро▓..роЗродрпБ роОройрпНрой роЯро╛ роЕрогро┐ро▓рпН роХрпБ ро╡роирпНрод роЪрпЛродройрпИ
0,родрооро┐ро┤рпН роЯро┐ро░рпЖропрпНро▓ро░рпН роироЪрпНроЪро┐ройро╛ ро╡ро▓рпНро▓рпБ роУроХрпНроХ ро▓рпИроХрпН ро╣ро┐ропро░рпН... 1,родро▓рпИ роороЯрпНроЯрпБроорпН родро╛ройрпН роТро░ро┐роЬро┐ройро▓рпН рооро╛ро╕рпН...рокро┐роХро╛ро╕рпН роЕродро░рпНро╕рпН рокрпЗрокрпНрокро░рпНро▓ ро╡ро┐ро│роорпНрокро░роорпН роХрпКроЯрпБродрпНродрпБроЯрпНроЯрпБ рокрпКро▒ро╛роХрпНроХрпБ роЯрпНро░рпЖропрпНро▓ро░рпН ро░ро┐ро▓рпАро╕рпН рокрогрпНрогро┐роЯрпНроЯрпБ роЪро╛родройрпИ рокрогрпНрогро┐роЯрпНроЯродрпНродро╛ рокро┐родрпНродро┐роХрпНроХрпБро╡ро╛роЩрпНроХ родро▓рпИ роороЯрпНроЯрпБроорпЗ ро╡ро┐ро│роорпНрокро░роорпЗ роЪрпЖропрпНропро╛рооро▓рпН роХро▓роХрпНроХрпБро╡ро╛ро░рпН....родро▓ роЯро╛.. ..
1,роОройрпНройроЯро╛ роЗрокрпНрокроЯро┐ роОроЯрпБродрпНродрпБ ро╡роЪрпНроЪро┐ро░рпБроХрпНроХрпАроЩрпНроХ ......рокро╛роЖроЖроЖроЖроЖроЖроГроГрокрпН
1,роХро╛роХрпНроХро╛ рокрпБроЯро┐роХрпНроХро╛ роЪрпКро▓рпНро▓ро▓рпНро▓ро╛........роХро╛роХрпНроХро╛ ро╡рпБроХрпНроХро╛ роЙройрпНрой рокрпБроЯро┐роХрпНроХрпБродрпБЁЯдгЁЯдг
0,роОро╡ройрпН ропро╛ роХрпЗрооро░ро╛ роорпЗройрпН.... роЪрпЖроорпНроо ро╡ро┐ро╖рпБро╡ро▓рпНро╕рпН.... роЕроорпЗроЪро┐роЩрпН....
0,роЕро╖рпЛроХрпН роЪрпЖро▓рпНро╡ройрпН рокроЯроорпН роироорпНрокро┐ рокрпЛроХро▓ рокрпЖро░рпБроЪро╛ роТройрпНройрпБроорпН ро╡роЪрпНроЪро┐ роЪрпЖропрпНроп рооро╛роЯрпНроЯро░рпБ
0,роирпЗро░рпНроХрпКрогрпНроЯ рокро╛ро░рпНро╡рпИ роЯро┐ро░рпЖропрпНро▓ро░рпН ро╡ро┐рооро░рпНроЪройроорпН -
1,2 роЗропро░рпНро╕рпН роЖроХро┐роЯрпБроЪрпНроЪрпБ роЗройрпНройрпБроорпН роорпВро╡ро┐ ро╡ро░ро▓
0,роЯрпНро░рпЖропрпНро▓ро░рпН рокро╛роХрпНроХ рокрпЛро▒рпЗройрпН. ро░рпМродрпНродро┐ро░роорпН рооро╛родро┐ро░ро┐ роЗро░рпБроирпНродро╛ роХрогрпНроЯро┐рокрпНрокро╛ родро┐ропрпЗроЯрпНроЯро░рпН
0,ро░роЬро┐ройро┐ ро╕рпНроЯрпИро▓рпН рооро╛ роОройрпНройро╛ родрпЖро▒ро┐роХрпНроХ ро╡ро┐роЯро▓ро╛рооро╛роЖроЖроЖроЖроЖроЖ
0,роЯрпНро░рпЖропрпНро▓ро░рпИ рокро╛родрпНродро╛ роЕроЩрпНроХро╛ро│ро┐ рокроЩрпНроХро╛ро│ро┐ роОро▓ро╛роорпН роТро░рпБ ро▓рпИроХрпН рокрпЛроЯрпБроЩрпНроХ
1,роорпКродрпНродродрпНродрпБро▓ ро╡ро┐роЪрпБро╡ро╛роЪродрпНродрпБроХрпНроХрпБ рокро▓рпНрокрпИ роХрпБроЯрпБроХрпНроХро┐ро▒родрпБроХрпНроХро╛роХро╡рпЗ роОроЯрпБродрпНрод рооро╛родро┐ро░ро┐ роЗро░рпБроХрпНроХрпБ
0,ро╡рпЖро▒ро┐родрпНродройроорпН родройрпБро╖рпН роГрокрпЗройрпН рокро┐ро░роорпН ро╕рпНро░рпАро▓роЩрпНроХро╛
0,роХро┐ро░роХрпНроХрпБроХрпНроХрпБроХрпНроХрпБ ро╕рпНроЯрпИро▓рпН роХро╛ рокро╛рокрпН роЪрпВрокрпНрокро░рпН ро╕рпНроЯро╛ро░рпН ро░роЬро┐ройро┐
1,ро╡ро┐ро╡ро╣роорпН рокро╛ро░рпНроЯрпН 2 роЯро┐ро░рпЖропрпНро▓ро░рпН рооро╛родро┐ро░ро┐ роЗро░рпБроХрпНроХрпБ
0,роироЯро┐рокрпНрокро┐ройрпН роиро╛ропроХройрпН рокро┐ро░ро┐ро▓рпНро▓ро┐ропрогрпНроЯрпН роЯрпИро░роХрпНроЯро░рпН роЪрпЖро▓рпНро╡ро╛ роЪро╛ро░рпН роХро╛роорпНрокрпЛ ропрпВ1 рооро┐ропрпВроЪро┐роХрпН роХро▓рпНроЯрпН роЗройрпН роХро┐ро│ро╛ро╕рпН ро▓рпЛроЯро┐роЩрпН
0,****роЖ ро╡рпЗро▒ ро▓рпЖро╡ро▓рпНро▓ роЯрпНро░рпЖропрпНро▓ро░рпН...... рооро╛ро╕рпН роХрпЗроЩрпНроХрпНро╕рпНроЯро░рпНро╕рпН......
1,рокро╛ро░рпБроЯро╛...роЗро╡ро░рпБ ро▓ро╛ропро░рпНро▓ропрпЗ ро░рпМроЯро┐ ро▓ро╛ропро░ро╛ роЗро░рпБрокрпНрокро╛ро░рпН рокрпЛро▓
0,ро▓ро╛ро╕рпНроЯрпН роЯропро▓ро╛роХрпН роЪрпЖроорпНроо роХро╛ро░рпНродрпНродро┐ роЕрогрпНрогро╛ .... роиро▓рпНро▓ро╛ рокрогрпНрогро┐ро░рпБроХрпНроХрпАроЩрпНроХ ....
0,роЗроЩрпНроХ ро▓рпИроХрпН рокрогрпНрогрпБроЩрпНроХ роЪрпВро░рпНропро╛ роГрокрпЗройрпНро╕рпН роЗроЩрпНроХ ро▓рпИроХрпН рокрогрпНрогрпБроЩрпНроХ родрпЖройрпНройро┐роирпНродро┐роп роЗроирпНродро┐ роГрокрпЗройрпНро╕рпН
0,роЗройрпНройро╛роХрпНроХро┐ роХро╛ро▓рпИропро┐ро▓(13-6-19) роОроирпНродро┐роЪрпНроЪро╛родрпБроорпН роЗроЩрпНроХ ро╡роирпНродро╡ройрпН ропро╛ро░рпБ?
0,100 роЯрпИроорпНро╕рпНроХрпБ роорпЗро▓ рокро╛ро░рпНродрпНродро╡роЩрпНроХро▓ро╛ ро▓рпИроХрпН рокрпЛроЯрпНроЯрпБроЯрпНроЯрпБ рокрпЛроЩрпНроХ
0,ро╡рпЖро▒рпНро▒ро┐рооро╛ро▒ройро┐ро╡ройрпБроХрпНроХрпБ роороЯрпНроЯрпБроорпН роОрокрпНрокроЯро┐ роЯро╛ роЗроирпНрод рооро╛родро┐ро░ро┐ рокро┐роЬро┐роОроорпН роХро┐роЯрпИроХрпНроХрпБро▒родрпБ ро╣ро╛роЯрпНро╕рпН роЖроГрокрпН
1,роЪрпЖроорпНроо...рокроХрпНроХро╛...роХрпКро▓ рооро╛ро╕рпН...родрпЖро▒ро┐...рокрпЖро░рпНроГрокрпЖроХрпНроЯрпН роЯрпИроЯрпНроЯро┐ро▓рпН...родро│рокродро┐ роЕроЬро┐родрпН роГрокрпЗройрпНро╕рпН родрпЗро╡ро┐роЯро┐ропро╛ рокроЪроЩрпНроХро│ роЕрокрпНрокроЯро┐ропрпЗ роУро░рооро╛ рокрпЛроЩрпНроХроЯро╛ роЕрооропро╛ройрпНро╕рпНро╕рпН
0,роХрпИрокрпНрокрпБро│рпНро│ ро╡ро┐роЬропрпН роЯрпНро╡ро┐роЯрпНроЯро░рпНро▓ роЯро┐ро░рпЖрогрпНроЯро┐роЩрпН роЖроХрпБродрпБ
0,родро▓рпИро╡ро╛ ЁЯдгЁЯдгЁЯдгроР роЖроорпН ро╡рпЖропро┐роЯрпНроЯро┐роЩрпН ропрпВ роЗроирпНрод ро╡рпЗро▓рогрпНроЯрпИройрпНро╕рпН роЯрпЗ рокрпБро░рпЛроХро┐ро░ро╛роорпН роОро╣рпН роирпАроЩрпНроХ родро╛ройрпН
1,роХрпКроЩрпНроХрпБ ро╡рпЗро│ро╛ро│ро░рпН роХро╡рпБрогрпНроЯро░рпНроХро│рпН рокрпЗро░ро╡рпИ роЪро╛ро░рпНрокро╛роХ рокроЯроорпН рооро┐роХрокрпНрокрпЖро░ро┐роп роЕро│ро╡ро┐ро▓рпН ро╡рпЖро▒рпНро▒ро┐ рокрпЖро▒ ро╡ро╛ро┤рпНродрпНродрпБроХрпНроХро│рпН... роЪро╛роХроЯрпНроЯрпБроорпН родро┐ро░рпБрооро╛ роЪроХрпНроХро┐ро▓ро┐
0,родро▓рпИ рооро╛ро╕рпН ро▓рпБроХрпНро╕рпН ро▓рпИроХрпН роО ро╣ро╛ро▓ро┐ро╡рпБроЯрпН роорпВро╡ро┐
0,роО ро╡рогрпНроЯро░рпНроГрокрпБро▓рпН рооро▒рпНро▒рпБроорпН роЕроорпЗроЪро┐роЩрпН роЪрпА роХрпНроХрпБ ро╡рпЖропро┐роЯрпНроЯро┐роЩрпН
0,роЕро░рпБро╡ро┐ роорпВро╡ро┐ ро░ро┐ропро▓рпН роГрокрпЗройрпНро╕рпН ро╣ро┐роЯрпН ро▓рпИроХрпН ро╣ро┐ропро░рпН роХро╛ропрпНро╕рпН
0,ропрпБройро┐роХрпН роХро╛ройрпНроЪрпЖрокрпНроЯрпН ро╣ро╛роЯрпНро╕рпН роЖроГрокрпН роПродрпЛ роорпЖроЪрпЗроЬрпН роЪрпКро▓рпНро▒ роЪроЯрпНроЯро┐ро░ро┐роХрпНроХро▓рпН рокро┐ро▓ро┐роорпН рокрпЛро▓.
0,рооро╛ро░рпНройро┐роЩрпН роОроирпНродро┐ро░ро┐роЪрпНроЪро╛роЯрпБроорпН роЯрпАроЪро░рпН рокро╛роХрпНроХ ро╡роирпНродро╡роЩрпНроХ ро▓ро╛роорпН ро▓рпИроХрпН роЖро╣рпН рокрпЛроЯрпБ роХро╛рокрпНрокро╛ройрпН роЯрпАроЪро░рпН ро╡рпЗро▒ ро▓рпЖро╡ро▓рпН 2019 роиро╛роЩрпНроХ родро╛ройрпН роЯро╛
0,родро╛ро┤рпНродрпНродрокрпНрокроЯрпНроЯ роороХрпНроХро│ро┐ройрпН роиро▓ройрпБроХрпНроХро╛роХ родройрпН роЪрпКродрпНродрпИ рокроЩрпНроХро┐роЯрпНроЯрпБ роЕроЯрпИроХрпНроХро▓роорпН роХрпКроЯрпБродрпНрод роородро┐рокрпНрокро┐ро▒рпНроХрпБро░ро┐роп рокроЪрпБроорпНрокрпКройрпН роорпБродрпНродрпБро░ро╛рооро▓ро┐роЩрпНроХродрпН родрпЗро╡ро░рпН роЕро╡ро░рпНроХро│рпН ро╡ро┤ро┐ропрпЗ роЪро╛родро┐ рооро▒роирпНродрпБ.....роЙрогро░рпНро╡рпБроХро│рпИ роородро┐родрпНродрпБ роирокрокрпНрокро╡ро░рпНроХро│ро┐ройрпН роЪро╛ро░рпНрокро╛роХ рокроЯроорпН ро╡рпЖро▒рпНро▒ро┐ роЕроЯрпИроп ро╡ро╛ро┤рпНродрпНродрпБроХро┐ро▒рпЛроорпН..
0,роЗроирпНродро┐роп роороХрпНроХро│рпН роЪро╛ро░рпНрокро╛роХ роЗроирпНрод рокроЯроорпН ро╡рпЖро▒рпНро▒ро┐ роЕроЯрпИроп роОроородрпБ ро╡ро╛ро┤рпНродрпНродрпБроХрпНроХро│рпН.. роЯрпНро░рпЖропрпНро▓ро░рпН ро╡рпВроКроК
0,ро▓ро╛ро╕рпНроЯрпН роЪрпАройрпН ро╡рпЗро▒ ро▓рпЖро╡ро▓рпН ро▓ро╡рпН ропрпВ родро▓рпИ
0,роЪрпВро░рпНропро╛ ро▓ро╡рпН ропрпВ родро▓рпИро╡ро╛роЖроЖроЖроЖ
0,рокроЯройрпНройро╛ роЗродрпБ рокроЯроорпН ....роЪрпЖроорпНроо роорпЖроЪрпЗроЬрпН роорпВро╡ро┐ ....роХро┐ро░рпЗроЯрпН
0,роЪро┐роЩрпНроХро┐ро│рпН рокроЪроЩрпНроХ ро▓рпИроХрпН роорпА
0,роЗроирпНрод рокроЯроорпН родрооро┐ро┤рпН роЪроорпБродро╛ропроорпН роороХрпНроХро│рпБроХрпНроХрпБ роЪро┐ро▒роирпНрод рокроЯрооро╛ роЗро░рпБроХрпНроХрпБроорпН
1,роОройрпНройро┐роХрпНроХро┐ роиро┐ро▒рпИроп рокрпЗро░рпБ роХро┐роЯрпНроЯ роЗро▓рпНро▓ро╛род роТро░рпБ роХрпЖроЯрпНроЯ рокро┤роЪрпБроорпН роОройрпН роХро┐роЯрпНроЯ роЗро░рпБроХрпНроХрпБ роЕроЬро┐родрпН роГрокрпЗройрпНро╕рпН роУроХрпНроХрпБро░родрпБ родро│рокродро┐ роГрокрпЗройрпНро╕рпН родро╛ройрпН рооро╛ро╕рпН
0,роЯро┐ро░рпЖропрпНро▓ро░рпН ро░ро┐рокрпАроЯрпН роорпЛроЯрпНро▓ рокро╛роХрпНроХрпБро▒рпЗройрпН. роЕро╡ро┐ройрпНроХройро╛ро▓ рокро╛родро┐роХрпНроХрокрпНрокроЯрпНроЯ роХрпБроЯрпБроорпНрокродрпНродро┐ро▓рпН роТро░рпБро╡ройрпН...
1,роЯро┐ро╕рпНро▓рпИроХрпН роЕроЯро┐роЪрпНроЪро╛ рооро╛ройрпНропройрпНрооро╛ро░рпНроХрпНроХрпБ роироЯрпБро╡ро┐ро░ро▓рпН роирооро╕рпНроХро╛ро░роорпН
0,ро╡ро╛роЯрпН роЖро╣рпН роЯро┐ро░рпЖропрпНро▓ро░рпН роЪрпЖроорпНроо рооро╛ро╕рпН роЖро╣рпН роЗро░рпБроХрпНроХрпБ
1,ро╡ро┐роЪрпБро╡ро╛роЪроорпН роОроЩрпНроХ рокрпЛроХ рокрпЛроХрпБродрпБройрпНройрпБ родрпЖро░ро┐ропро▓ропро╛. рокрпЗроЯрпНроЯрпИ рокро░ро╛роХрпН
1,роЯрпЗропрпН роирпАроЩрпНроХ ро▓ро╛ ро▓рпВроЪрпБ рооро╛родро┐ро░ро┐ роЪро╛родро┐ роорпКро┤ро┐ роЪрогрпНроЯ рокрпЛроЯрпНроЯрпБ роЗро░рпБроХрпНроХрпБро░рокрпНрокрпЛ роироорпНроо роОро▓рпНро▓ро╛ро░рпБроорпН роЗроирпНродро┐ропройрпНро╕рпНройрпБ роТро░рпБ роЬро╡ро╛ройрпН рокро╛ро░рпНроЯро░рпНро▓ роиро┐ройрпНройрпБроЯрпНроЯрпБ роЗро░рпБроХрпНроХро╛роЩрпНроХ роЯро╛ роЪрпЖродрпНродрпБродрпБро░рпБроХро╛ роЯро╛ роЯрпЗропрпН роЗройрпНройрпБроорпН роЖ роЯро╛ роирпАроЩрпНроХ родро┐ро░рпБроирпНродро▓ роХрпНро░рпЛро╡рпН роЕрокрпН роЯро╛ ро╡ро┐ роЖро▓рпН роЖро░рпН роЗроирпНродро┐ропройрпНро╕рпН
0,роЯрпНро░рпЖропрпНро▓ро░рпН роОроЩрпНроХро▓рпБроХрпНроХрпБ рокро┐роЯро┐роЪрпНроЪро┐ро░рпБроирпНродро╛ роороЯрпНроЯрпБроорпН ро▓рпИроХрпН рокрпЛроЯрпБроХро╛
0,роР роЖроорпН ро╣ро┐ропро░рпН роЖроГрокрпНроЯро░рпН роХрпБропро┐ройрпНро╕рпН роЯро┐ро░рпЖропрпНро▓ро░рпН.
0,родро▓рпИ роЙройрпНрой рокро╛родрпНродро┐роЯрпНроЯрпБ роЗро░рпБроХрпНроХрпЗройрпН. роЪрпАроХрпНроХро┐ро░роорпН ро╡ро╛ родро▓рпИ
0,роТро░рпБ роХрпБроЯрпБроорпНрокродрпНродро┐ройрпН роХродро▒ро▓рпИ рокроЯрооро╛ рооро╛ро▒рпНро▒ро┐ роЙро│рпНро│ро┐ро░рпНроХро│рпН ро╡ро╛ро┤рпНродрпНродрпБроХрпНроХро│рпН ро╡ройрпНройро┐роп роиройрпНрокро╛
0,роО родрооро┐ро┤рпН роорпВро╡ро┐ роХрпЛропро┐роЩрпН родро┐ рооро▓рпИропро╛ро│роорпН ро╡рпЗ?
0,роЪрпВрокрпНрокро░рпН рокроЯродрпНродрпИ роЖро╡ро▓рпЛроЯрпБ роОродро┐ро░рпНрокро╛ро░рпНроХро┐ро▒рпЛроорпН. роХрпБроЯрпБроорпНрокродрпНродрпЛроЯрпБ роЕройрпИро╡ро░рпБроорпН рокро╛ро░рпНрокрпНрокрпЛроорпН....
1,роироороХрпНроХрпБ родрпЗро╡ родро╡ро╛ропрогро╛род роироорпНроо родро╛ройрпН роЕроЯро┐роЪрпНроЪрпБ ро╡ро╛роЩрпНроХрогрпБроорпН .... роироорпНроо роЗроЯродрпНродрпБроХрпНроХрпБ роироорпНроо родро╛ройрпН роЪрогрпНроЯрпИ роЪрпЖропрпНропрогрпБроорпН....
0,751роХрпЗ ро▓рпИроХрпНро╕рпН ро░рпАроЪрпН роЖроХро┐ро░рпБроХрпНроХрпБ рокроЩрпНроХро╛ро│ро┐роХро│ро╛ роЕроЯро┐роЪрпНроЪро┐ родрпВроХрпНроХро▓ро╛рооро╛роЖ
0,ропро╛ро░рпЖро▓рпНро▓ро╛роорпН роЪро░рпНроХро╛ро░рпН роЯрпАроЪро░рпН рокро╛ро░рпНродрпНродрпБроЯрпНроЯрпБ ро╡роирпНродрпБ роЗродрпНрод рокро╛родрпНродро┐роЩрпНроХро│рпЛ ро▓рпИроХрпН рокрпЛроЯрпБроЩрпНроХ
0,родро▓рпИ роУроЯ роЙрогрпНроорпИропро╛рой роГрокрпЗройрпН роЖро╣ро╛ роЗро░рпБродрпНродро╛ роЗро▓рпНроХрпЗ рокрпЛроЯрпБроЩрпНроХ
0,ро╡ро┐роЪрпБро╡ро╛роЪроорпН роЯро┐ро░рпЖропрпНро▓ро░рпН роирпАроЯрпНро╕рпН 20роХрпЗ ро▓рпИроХрпНро╕рпН роЯрпВ ро░рпАроЪрпН 1.4роОроорпН ро▓рпИроХрпНро╕рпН
1,роЪрпЖроорпНроо роЪрпЖроорпНроо роЪрпЖроорпНроо роирпЛ ро╡рпЗро░рпНроЯрпНро╕рпН роЯро┐ роЪрпЖропрпН
1,роЗроирпНрод рооро╛родро┐ро░ро┐ роЖро▓рпН роЗро░рпБроХродрпНродро┐роХрпНроХрпБроорпН роироЯрпБ роЪродрпНродро┐ро╡ройрпНроорпИропро╛ро▓рпН роЖро▓ро┐ропрпБроорпН
0,роЪро┐роорпНрокрпБ рооро▒рпНро▒рпБроорпН роЬрпЛродро┐роХро╛ ро╡ро┐ро▓рпН ро╕рпНроХрпЛро░рпН роороЪрпН...
1,роЗро░рпБроХрпНроХрпБ родро┐ропрпЗроЯрпНроЯро░рпНро▓ роХро╛родрпБ роЬро╡рпНро╡рпБ рокро┐роЪрпНроЪро┐роХро┐ро▒ роЕро│ро╡рпБроХрпНроХрпБ роЯро┐роЯро┐роОро╕рпН роЗро░рпБроХрпНроХрпБ
0,родро╛роорпНрокро░роорпН родрооро┐ро┤рпН роЕропрпНропроЩрпНроХро╛ро░рпН роЪро╛ро░рпНрокро╛роХ роЗроирпНрод рокроЯроорпН ро╡рпЖро▒рпНро▒ро┐ рокрпЖро▒ ро╡ро╛ро┤рпНродрпНродрпБроХрпНроХро│рпН
1,роУроорпНрооро╛ро▓ роТро░рпБ рокрпБрогрпНроЯрпИропрпБроорпН рокрпБро░ро┐ропро▓ роОройрпНрой роЪройрпНройро┐ роЗродрпБ
0,роЕропрпНропрпЛ роЗрокрпНрокро╡рпЗ рокроЯроорпН рокро╛ро░рпНроХрпНроХройрпБроорпН рокрпЛро▓ роЗро░рпБроХрпНроХрпЗ ЁЯдйЁЯдй роХро╛родрпНродро┐ро░рпБрокрпНрокрпЛроорпН...роЪрпЖроорпНроо ро╣ро┐роЯрпН роЖроХрокрпНрокрпЛроХрпБродрпБ
0,роХроорпН роЖройрпН роЪрпВро░рпНропро╛ роГрокрпЗройрпНро╕рпН 10 рооро┐ро▓рпНро▓ро┐ропройрпН ро╡ро┐ропрпВро╕рпН
0,родро▓рпИ рооро╛ро╕рпН роЯропро▓ро╛роХрпН ропрпВ роЖро░рпН роХро┐ро░рпЗроЯрпН
0,родро▓рпИ рокрпЛро▓ ро╡ро░рпБрооро╛.... роЪрпЖроорпНроо родро▓рпИ
0,роТро░рпБ ро╡рпЗро│рпИ рокро╡ро░рпН рокро╛рогрпНроЯро┐ 2 ро╡ро╛ роЗро░рпБроХрпНроХрпБроорпЛ роЯрпНро░рпЖропрпНро▓ро░рпН рооро╛ро╕рпН рокрогрпНрогро┐роЯрпНроЯро╛роЩрпНроХ... рокрпЗроЯрпНроЯрпИ ро╡рпЖро░рпНроЪро╕рпН ро╡ро┐ро╕рпНро╡ро╛роЪроорпН
0,ро╡рпЖроЪрпНроЪро╛ройрпН рокро╛ро░рпБ роЖрокрпНрокрпБ роЯрпНро░рпИро▓ро░рпН роХро┐ро│рпИрооро╛роХрпНро╕рпНро▓ роЪродрпНродро┐ропрооро╛ роиро╛ройрпН ро╡ро┐ро┤рпБроирпНродрпБ ро╡ро┐ро┤рпБроирпНродрпБ роЪро┐ро░ро┐роЪрпНроЪрпЗройрпН
0,родрооро┐ро┤роХродрпНродрпИропрпЗ рокрпБро░роЯрпНроЯро┐рокрпНрокрпЛроЯрпБроорпН роТро░рпБ родро┐ро░рпИрокрпНрокроЯрооро╛роХ роЕроорпИропрпБроорпН ро╡рпЖро▒рпНро▒ро┐рокрпЖро▒ ро╡ро╛ро┤рпНродрпНродрпБроХрпНроХро│рпН ро╡ро╛ро┤рпНродрпНродрпБроХрпНроХро│рпН роЕрогрпНрогро╛
0,роЗроирпНрод рокроЯроорпН ро╡рпЖро▒рпНро▒ро┐ропроЯро┐роирпНродро╛ро▓рпН роЕродрпБ роироородрпБ роЪроорпБродро╛ропродрпНродро┐ро▒рпНроХрпБ роХро┐роЯрпИродрпНрод ро╡рпЖро▒рпНро▒ро┐ роироорпН ро╡рпАроЯрпНроЯрпБ рокрпЖрогрпНроХро│рпБроХрпНроХрпБ роХро┐роЯрпИродрпНрод ро╡рпЖро▒рпНро▒ро┐ роЖроХрпБроорпН
1,роЪроХрокрпЛро░ро╛ роЙройроХрпНроХрпБ роЪродро┐ роОродро▒рпНроХрпБ роРропро╛ рокроЪрпБроорпНрокрпКройрпН
0,роЕройрпИродрпНродрпБ рокрпЖрогрпНроХро│рпБроорпН рокро╛ро░рпНроХрпНроХ ро╡рпЗрогрпНроЯро┐роп ро╡ро┐ро┤ро┐рокрпНрокрпБрогро░рпНро╡рпБ рокроЯроорпН...
0,роГрокрпИроЯрпН роЪрпАройрпН рооро░рог рооро╛ро╕рпН родро▓ роХро┐ро▓рпНро▓ро┐ роХро┐ро▓рпНро▓ро┐ роХро┐ро▓рпНро▓ро┐роХро┐
0,роОрокрпНрокрпЛ ро░ро┐ро▓рпАро╕рпН рокрогрпНрогрпБро╡ро┐роЩрпНроХ. роОрокрпНрокроЯро┐ропро╛роЪрпНроЪрпБроорпН ро░ро┐ро▓рпАро╕рпН рокрогрпНрогро┐ро░рпБроЩрпНроХ....
0,рокро░ро┐ропрпЗро▒рпБроорпН рокрпЖро░рпБрооро╛ро│рпН роЪроорпВроХ роирпАродро┐рокрпН рокроЯроорпЖройрпНро▒ро╛ро▓рпН ... родро┐ро░рпМрокродро┐ ропрпБроорпН роЪроорпВроХроирпАродро┐ рокроЯроорпНродро╛ройрпН
1,роОроЩрпНроХро│ рооро┐роЮрпНроЪ роОро╡ройрпБрооро┐ро▓рпНро▓ роЕроорпНрокро▓рпИропро╛ роЗро░рпБроирпНродро╛ роирпЗро░ро▓ ро╡ро╛ рокрпИ родрпБро░рпИроЪро┐роЩрпНроХроорпН
0,роЙроЩрпНроХро│рпБроХрпНроХрпБ ро╡ропроЪрпЗ роЖроХро▓ роЪро┐роЯрпНроЯро┐ ро▓ро╡рпН ропрпВ рооро╛
0,роЗрокрпНрокрпЛ роХро╛рокрпНрокро╛ройрпН роЯрпАроЪро░рпН рооро╛ро░рпНроЪрпНроЪро┐роЩрпН роЯрпВро╡ро░рпНроЯрпНро╕рпН 5роОроорпН ро╡ро┐ропрпВро╕рпН & 400роХрпЗ ро▓рпИроХрпНро╕рпН
0,ро░рпКроорпНрок роиро╛ро│ро╛роХрпНроХрпБ роЕрокрпНро░рпЛ роиро╛ройрпН роОродро┐ро░рпНрокро╛ро░рпНродрпНрод рооро╛родро┐ро░ро┐ рокроЯроорпН
1,роЕроЯроЩрпНроХро╡ро┐ро▓рпНро▓рпИ роОройрпНро▒ро╛ро▓рпН роЕроЯроХрпНроХроорпН роЪрпЖропрпНро╡рпЛроорпН роорпЛроХройрпН роЬро┐ роЙроЩрпНроХро│рпБроХрпНроХро╛роХ роиро╛роЩрпНроХро│рпН !!!!!
0,роХроЯро▓рпВро░рпН рооро╛ро╡роЯрпНроЯроорпН роЪроороЯрпНроЯро┐роХрпНроХрпБрокрпНрокроорпН ро╡рпАро░ ро╡ройрпНройро┐ропро░рпНроХро│рпН роЪро╛ро░рпНрокро╛роХ роЗрокрпНрокроЯроорпН ро╡рпЖро▒рпНро▒ро┐ рокрпЖро▒ ро╡ро╛ро┤рпНродрпНродрпБроХрпНроХро│рпН
0,роЖрооро╛ рооро┐ро╕рпНроЯро░рпН. рокро╛рогрпНроЯрпЗ роЗроЩрпНроХ роОройрпНрой рокрогрпНро▒ро╛ро░рпБ??
1,роХрпЛрооро╛ро│ро┐ роХродродро╛ройрпН роЖроХ рокрпЛроХрпБродрпБ рокроЯроорпН роТродрпНродро┐роХрпНроХрпБроорпН
0,рокроЯроорпН ро╡рпЖро▒рпНро▒ро┐ рокрпЖро▒ ро╡ро╛ро┤рпНродрпНродрпБроХрпНроХро│рпН. рокрпБро░роЯрпНроЪро┐ ро╡рпЖро▓рпНро▓роЯрпНроЯрпБроорпН.
1,ро╡ро┐роЬропрпН роЪрпЗродрпБрокродро┐ роороЯрпНроЯрпБроорпН ро╡ро┐ро▓рпНро▓ройрпНройро╛ роЗро░рпБроирпНродро╛ ро╡рпЖроЪрпНроЪро┐роХрпЛ рокроЯроорпН рокро┐ро│ро╛рокрпН родро╛ройрпН
0,ро╡ро░рпНро▓ро╛ ро╡ро░рпНро▓ро╛ ро╡ро╛ ро╡ро╛ рокрпИро░ро╡ро╛
0,роУро╣рпН роЖро╣рпН родрпЖро▓рпБроЩрпНроХрпБ ро░рпАроорпЗроХрпН роЖроГрокрпН ро░ро╡ро┐ родрпЗроЬро╛ро╕рпН рокрпЖроЩрпНроХро╛ро▓рпН роЯрпИроХро░рпН .....
0,роЖродро┐ рокроЯродрпНродрпБро▓ роЪро┐ро░ро┐роХрпНроХ рокрпЛро▒ро╛ро░рпБ рокроЯродрпНрод рокро╛родрпНродрпБроЯрпНроЯрпБ роиро╛роЩрпНроХ роОро▓рпНро▓ро╛роорпН ро╡ро┐ро┤рпБроирпНродрпБ ро╡ро┐ро┤рпБроирпНродрпБ роЪро┐ро░ро┐роХрпНроХрокрпН рокрпЛро▒рпЛроорпН ро╡ро╛ро┤рпНродрпНродрпБроХрпНроХро│рпН роЖродро┐
0,родро▓рпИро╡ро╛ рокроХрпНроХ рооро╛ро╕рпН роТройрпНро▓ро┐ роТройрпН роЪрпВрокрпНрокро░рпН ро╕рпНроЯро╛ро░рпН
0,роирпЛ роорпАройрпНро╕рпН роирпЛ роОройрпНро▒ роЯропро▓ро╛роХрпН родро▓рпИропрпИ родро╡ро┐ро░ ропро╛ро░рпБ роЪрпКройрпНройро╛ роиро▓рпНро▓ро╛ роЗро░рпБроХрпНроХрпБройрпНройрпБ родро░рпИропро▓
0,роиро╛ройрпН роЕро░роЪро┐ропро▓рпБроХрпНроХрпБ ро╡ро░рпБро╡родрпБ роЙро▒рпБродро┐ ...... роЪрпЖроорпНрооро╛... 0,ро▓ро╛ ро▓ро╛ ро▓ро╛ роЪро░рпНро╡ро┐ро╡ро╛ родро▓рпИ ро╡ро╛роХрпН роЗро╕рпН роЬро╕рпНроЯрпН роЗройроГрокрпН
1,ро▓ро╛ро╕рпНроЯрпН рокро┐роЬро┐роОроорпН роЙройрпН роЕро┤роХро┐ро▓рпН роОройрпН роЗродропроорпН родро╛ройрпН роиро┐ро▓рпИропро▓рпН роХродрпНродро┐ роЪро╛роЩрпН роЖро╣рпН роХро╛рокрпНрокро┐ роЕроЯро┐роЪрпНроЪро┐роЯрпНроЯро╛ройрпН
0,роЯро┐роЪроорпНрокро░рпНро▓ ропро╛ро░ро╛ро▓ роЗроирпНрод ро╡рпАроЯро┐ропрпЛ рокроХрпНроХрпЗроХро╛ роЕро╡роХ роороЯрпНроЯрпБроорпН ро▓рпИроХрпН рокрпЛроЯрпБроЩрпНроХ
0,рокро┐роЩрпНроХрпН рокроЯроорпН рокро╛родрпНродрпБроЯрпНроЯро╛ройрпН роОроЪрпНроЯро┐ рокро┐ро░ро┐рогрпНроЯрпН роЗро░рпБроХрпНроХрпБ ропро╛ро░рпБроХрпНроХрпБ ро╡рпЗрогрпБроорпН
0,роЕройрпИродрпНродрпБ роЪроорпБродро╛ропроорпБроорпН ро╡ро░ро╡рпЗро▒рпНроХрпНроХро┐ройрпНро▒рой. роиро╛роЯроХ роХро╛родро▓рпН роХрпБроорпНрокро│рпИ родро╡ро┐ро░ . роОроЩрпНроХ роЕрогрпНрогро╛ ро╡рпЗро▒ ро▓рпЖро╡ро▓рпН . ро╡ро╛ро┤рпНродрпНродрпБроХро│рпН роорпЗроХройрпН роЪродрпНро░ро┐ропройрпН роЕро╡ро░рпНроХро│рпЗ
0,ро╡рпЖро░ро┐ рокрпЗроЯрпН роиро╛ роОродро┐ро░рпНрокрпНрокро╛ро░рпНродрпНрод роЕро│ро╡рпБроХрпНроХрпБ роЗро▓рпНро▓
0,рокро░ро┐ропрпЗро▒рпБроорпН рокрпЖро░рпБрооро╛ро│рпН рокроЯроорпН ро╡ро░рпБроорпН рокрпЛродрпБ роороЯрпНроЯрпБроорпН роЪрпКройрпНройрпАроЩрпНроХ. роЗродрпБро╡рпБроорпН роЪроорпВроХ рокроЯроорпН родро╛ройрпН. родро┐ро╕рпН 100 рокро░рпНроЪройрпНроЯрпЗроЬрпН роЯрпНро░рпВ роР роЪрокрпНрокрпЛро░рпНроЯрпН
0,роЕройрпИродрпНродрпБ роорпБродро▓ро┐ропро╛ро░рпНроХро│рпН роЪро╛ро░рпНрокро╛роХ роЗроирпНрод рокроЯроорпН ро╡рпЖро▒рпНро▒ро┐ропроЯрпИроп ро╡ро╛ро┤рпНродрпНродрпБроХрпНроХро│рпН.
0,1роОроорпН ро╡ро┐ропрпВро╕рпН & 101роХрпЗ ро▓рпИроХрпНро╕рпН
0,ро╡рпЗро▒ ро▓рпЖро╡ро▓рпН ро▓ро╛ро╕рпНроЯрпН роЪрпАройрпН рокрпЛро╡ро│ро┐
0,родро╛ро▒рпБрооро╛ро▒рпБ родро▓рпИ роР ро▓ро╡рпН ропрпВ
1,рокроЯроорпН ро╡рпЗро▒ ро▓рпЖро╡ро▓рпН родро┐ро░рпБрооро╛ роХрпБ роКроКроКроК ро░роЮрпНроЪро┐родрпН роиро╛ропрпЗ роХрпБ роКроКроК родро┐ро░рпБроирпЖро▓рпНро╡рпЗро▓ро┐ рооро╛ро╡роЯрпНроЯроорпН роЪрпЗройрпИродрпНродро▓рпИро╡ро░рпН роЪро╛ро░рпНрокро╛роХ рокроЯроорпН роЯрпЗро╕рпН роУроЯ ро╡ро╛ро┤рпНродрпНродрпБроХрпНроХро│рпН роорпЛроХройрпН роЬро┐ ро╡рпЗро▒ ро▓рпЖро╡ро▓рпН
0,рокроЯроорпН ро╡рпЖро▒рпНро▒ро┐ рокрпЖро▒ ро╡ро╛ро┤рпНродрпНродрпБроХрпНроХро│рпН ро╡ро╛ро┤рпНродрпНродрпБроХрпНроХро│рпБроЯройрпН рокрпКроЯрпНроЯро▓рпН роОро╕рпН.родрпБро░рпИ ропро╛родро╡рпН рокрпЛро░рпНрокрпНрокроЯрпИ роирпЖро▓рпНро▓рпИ роЬро┐ро▓рпНро▓ро╛
0,роХрпБроЯро┐ропрпБро░ро┐роорпИроХрпНроХро╛роХ 40 ро╡ро░рпБроЯ роЖродро╛ро░родрпНродрпИ роХро╛роЯрпНроЯро┐роп роЗро╕рпНро▓ро╛рооро┐ропро░рпН
0,роОро╕рпН роЖро░рпНроХрпЗ роГрокрпЗройрпН рокрпНро▓ро┐ро╕рпН роЯро┐ро╕рпНро▓рпИроХрпН родро╛ ро╡рпАроЯро┐ропрпЛ
0,1роОроорпН ро▓рпИроХрпНро╕рпН ро╡ро░рпБроорпНройрпБ роЪрпКро▓рпНро▒ро╡роЩрпНроХ ро▓рпИроХрпН ро╣ро┐ропро░рпН
0,роЗроирпНрод ро╡рпЖро░рпНроЪро╕рпН роЪрогрпНроЯрпИ роХро╛роЯрпНроЪро┐ роЯро┐роЪрпИройрпНро▓ роОродро┐ро░рпНрокро╛ро░рпНроХрпНроХро▓рпИропрпЗ - ро░ро┐рокрпНрокрпАроЯрпН ро╡ро░рпНродрпНродро┐
0,роР роЖроорпН роЯрпИ ро╣ро╛ро░рпНроЯрпН роГрокрпЗройрпН рокро┐ро░роорпН ро╕рпНро░рпАро▓роЩрпНроХро╛
1,роОройрпНройроХ роЯро╛ роХрпЖроХрпНроХро╛ рокрпЖроХрпНроХро╛ ро╖ро╛ро░рпНроЯрпН роГрокро┐ро▓ро┐роорпН роЖро╣рпН рокрпЖро░рпБроЪро╛ роОроЯрпБродрпНродрпБ ро╡роЪрпНроЪро┐ро░рпБроХрпАроЩрпНроХ
0,роГрокрпИройро▓рпН ро░роЬро┐ройро┐ роЪрпЖроорпНроо ЁЯдгЁЯдгроЗродрпБ 96 ропро╛ро░ роПрооро╛родрпНродрпБро░рпАроЩрпНроХ
0,ро╡рпЖро░ро┐ роХрпБроЯрпН роГрокро┐ро▓ро┐роорпН роЖроГрокрпНроЯро░рпН ро▓ро╛роЩрпН роЯрпИроорпН
0,роЪрпВрокрпНрокро░рпН роЪро┐ропро╛ройрпН роЪро╛ро░рпН ропрпБро╡ро░рпН ро╡рпЗро▒ ро▓рпЗро╡ро▓рпН
0,родрпЖро░ро┐роЮрпНроЪ роОродро┐ро░ро┐роп ро╡ро┐роЯ родрпЖро▒ро┐ропро╛род роОродро┐ро░ро┐роХрпНроХрпБ родро╛ройрпН роЕро▓рпНро▓рпБ роЕродро┐роХрооро╛ роЗро░рпБроХрпНроХрпБройрпНройрпБройрпБройрпБ родро▓рпИро╡ро╛ рооро╛ро╕рпНро╕рпНро╕рпНро╕рпН рокрпИро░ро╡ро╛
0,родро┐ро░ро┐ро▓рпН роиро╛ рооро┐ро╖рпНроХро┐ройрпН роЙрогрпНроорпИропро╛ роорпИропрооро╛ ро╡роЪрпНроЪро┐ роОроЯрпБроХрпНроХрокрпНрокроЯрпНроЯ роХродрпИроХро│рпИ рокродро┐ро╡рпБ роЪрпЖропрпНро╡ро╛ро░рпН...роЪро▓рпВроЯрпН
0,родрпЖро▒ро┐роХрпНроХ роГрокрпЗройрпНро╕рпН ро╣ро┐роЯрпН ро▓рпИроХрпН роЕро░рпНроЬрпБройрпН роЪро╛ро░рпН
0,роЗроирпНрод рокроЯродрпНродро┐ро▒рпНроХрпБ ро╡ройрпНройро┐ропро░рпН роороХрпНроХро│рпН ро╡ро░ро╡рпЗро▒рпНроХро┐ро▒рпЛроорпН роЗроирпНрод рокроЯроорпН рооро╛рокрпЖро░рпБроорпН ро╡рпЖро▒рпНро▒ро┐ роЕроЯрпИроп ро╡ро╛ро┤рпНродрпНродрпБроХрпНроХро│рпН роорпЛроХройрпН роЕрогрпНрогро╛
0,ро╡ро┐ро▓рокро╛ роХрпБро▓ роиро╛ропрпБроЯрпБ роЪро╛ро░рпНрокро╛роХ роЗроирпНрод роорпВро╡ро┐ ро╡рпЖро▒рпНро▒ро┐ рокрпЖро▒ ро╡ро╛ро┤рпНродрпНродрпБроХрпНроХро│рпН..
0,родрпИро░ро┐ропрооро╛ родрпАро╡ро╛ро│ро┐ роХрпБ ро╡ро╛ родро▓рпИро╡ро╛ роиро╛роЩрпНроХ роЗро░рпБроХрпНроХрпЛроорпН роЗро░рпБрокрпНрокрпЛроорпН ЁЯдЧ
0,ро░ро┐ропро▓рпН роЯрпИроорпН ро╡ро┐ропрпВро╕рпН 4.7роОроорпН ро╡ро┐ропрпВро╕рпН роОройрпН 400роХрпЗ ро▓рпИроХрпНро╕рпН
1,роЕроХрпНро╖ропрпН роХрпБрооро╛ро░рпН - роЕрогрпНрогрпЗ роирпАроЩрпНроХ рокрпЗро░рпНроЯро╛ роирпА
0,роирпА роУроЯро┐ ро╡роирпНрод рокрпЛродрпЗ роЙройрпН роЕрокрпНрокройрпН роЕроЩрпНроХ роЙроЪрпБро░ ро╡ро┐роЯрпНроЯро┐ро░рпБрокрпНрокро╛ройрпН... роЪро╛родро╛ро░рог ро╡роЪройроорпН роЗро▓рпНро▓рпИ... роЕрокрпНрокройро┐ройрпН ро╡ро▓ро┐.....
0,роЙроЩрпНроХ рокрпКрогрпНрогрпБроЩрпНроХ роОроЩрпНроХ роорпЗро▓ роЖроЪрпИ рокроЯрооро╛ роЗро░рпБроирпНродро╛ роЪро░ро┐
1,роОройрпНрой роЯро╛ роЗродрпБ ро╡ро┐роЪрпБро╡ро╛роЪроорпН рокро┐роЬро┐роОроорпН роЖро╣рпН рокрпЛроЯрпНро░рпБроХрпНроХро┐роЩрпНроХ!!!!
1,роЕроЯрпЗропрпН роЯро╛роХрпНроХро┐роЩрпН роЯро╛роорпН рокро┐ропро╛ройрпЛ рооро┐ропрпВроЪро┐роХрпН роХро╛рокрпНрокро┐ роЯрпЗроЯрпНроЯро╛
0,роЪрпЖроорпНроо роЕрогрпНрогро╛ ро▓ро╡рпН ропрпВ роХро╛ро░рпНродрпНродро┐ роЕрогрпНрогро╛
0,роЕроХро▓ро╛родрпЗ роЪро╛роЩрпН рокро╛родрпНродрпБроЯрпНроЯрпБ роЙроЯройрпЗ роЗроЩрпНроХ родро╛ройрпН ро╡ро░рпЗройрпН ...ропро╛ро░рпНро▓ро╛роорпН роОройрпНрой рооро╛родро┐ро░ро┐ ро╡роирпНродрпАроЩрпНроХро╛
0,роЯрпНро░рпЖропрпНро▓ро░рпН рокропроЩрпНроХро░рооро╛ роЗро░рпБроХрпНроХрпБ роорпВро╡ро┐ роХрпБ ро╡рпЖропро┐роЯрпНроЯро┐роЩрпН
0,родрооро┐ро┤рпН роиро╛роЯрпНроЯрпБро▓ роОро╡рпНро│рпЛ роЬро╛родро┐ ро╡рпЖро▒ро┐ роЗро░рпБроХрпНроХрпБройрпНройрпБ роЗроирпНрод роХроорпЖрогрпНроЯрпНро╕рпН рокро╛ро░рпНродрпНродро╛ родрпЖро░ро┐ропрпБроорпН.....родрпВ.....
0,роЕроЪрпБро░ройрпН рокроЯроорпН ро╡рогрпНроЯро╛ роЕрокрпНрокрпЛ..родро╛ро┤рпНродрпНродрокрпНрокроЯрпНроЯ роТроЯрпБроХрпНроХрокрпНрокроЯрпНроЯ роороХрпНроХро│рпН роХро╛ройро╛ рокроЯроорпН ро▓ро╛ ро╡рогрпНроЯро╛ роЕрокрпНрокрпЛ роОроЩрпНроХ роЯро╛ роЗро░рпБроирпНродро┐роЩрпНроХ ... рокрпЖрогрпНроХро│рпН роХрпБ рокроЯрпБроХро╛рокрпНрокрпБ роЗро▓рпНро▓ роЗроЩрпНроХ роЬро╛родро┐ роХрпБ родро╛ройрпН рокро╛родрпНродрпБроХрпНроХрокрпНрокрпБ родрпЗро╡ рокроЯрпБродрпНродрпБ... роОройро┐ро╡рпЗро╕рпН ро╡ро┐ро╖ро╕рпН роГрокрпНро░роорпН роиро╛ро░рпНрооро▓рпН роХро╛роорпНрооройрпНро╕рпН ро╣ро┐ропрпВрооройрпН ро╡ро┐родрпНродро╡рпБроЯрпН роОройро┐ ро╖ро┐роЯрпНроЯро┐ рокро┐ро░рпИроЯрпН роГрокрпНро░роорпН родрооро┐ро┤рпНроиро╛роЯрпБ
1,роирпЗро░рпНроХрпКрогрпНроЯ рокро╛ро░рпНро╡рпИ роирпБ роЪрпКро▓рпНро▓ро┐роЯрпНроЯрпБ роОро▓рпНро▓ро╛роорпН роЕро╡ройрпН роЪрпЖропро▓рпН рокроЯродрпНрод роОроЯрпБродрпНродрпБ ро╡роЪрпНроЪро┐ро░рпБроХрпНроХро╛роЩрпНроХ ропро╛
0,роЯро╛рокрпНрокро░рпН родро╛ройрпН роЕро▓ройрпБроорпН роЕро░ро┐ропро░рпН роХро╛ропрпНро╕рпН роиро╛роЩрпНроХ роОродрпБроХрпНроХрпБ роЕро▓ройрпБроорпН ЁЯдЧ
0,рокро╛роЖроЖроЖ роХрпВро╕рпНрокроорпНрокрпНро╕рпН... роЪроЪрпН роО ро╣рпЖро╡ро┐ ро╡ро╛ропрпНро╕рпН..
0,роЗроЯрпН роЗро╕рпН ро▓рпБроХрпНро╕рпН ро▓рпИроХрпН ро░ро╛роорпИропро╛ ро╡ро╕рпНродро╡ропрпНропро╛ родрпЖро▓рпБроЩрпНроХрпБ роорпВро╡ро┐ ЁЯдФЁЯдФЁЯдФЁЯдФЁЯдФЁЯдФЁЯдФЁЯдФЁЯдФ
0,ро╡ро┐ро░рпБрокрпНрокроорпН роЗро▓рпНро▓рпИ рокрогрпНро▒ роиро╛ропрпЗ роЙройрпН ро╡рпАроЯрпНроЯрпБ рокрпКрогрпНрогрпБроХрпНроХрпБ ро╡ро░ роиро┐ро▓рпИроорпИродро╛ройрпН роорпВро╡ро┐ ропро╛ роОроЯрпБродрпНродрпБро░рпБроХрпНроХро╛ройрпНроХ ропро╛ роЪрпЛ роЪрокрпНрокрпЛро░рпНроЯрпН рокрогрпНрогрпБроЩрпНроХ
0,родро▓рпИ роЯро╛ роР ро▓ро╡рпН ропрпВ родро▓рпИ
0,роЖроЪроорпН ро╡ро┐роХрпНро░роорпН роЕрогрпНрогро╛ роЪро╛ройрпНро╕рпЗ роЗро▓рпНро▓ рокроХрпНроХро╛ро╣рпН
0,роЪрпЖроорпНроо рокрпНро░рпЛ роЖройро╛ роОройроХрпНроХрпБ роЪрпАро░ро┐рокрпНрокро╛ ро╡ро░ро▓
0,роЬрпЖропроорпН ро░ро╡ро┐ рооро▒рпНро▒рпБроорпН роХроЬро▓рпН роЪрпЖроорпНроо рокрпЗро░рпН
1,роЗродрпБро▓ роТро░рпБ роЯрпНро░рпЖропрпНро▓ро░рпН роЖро╣рпН роЯро╛.. роХро░рпБроорпВроУроУ роХро▓ро┐ропрпБроХроорпН.. роТро░рпБ роХро╛рогрпНроЯрпЖрогрпНроЯрпНроЯрпЗ роЗро▓рпНро▓.. роОрокрпНрокроЯро┐ роЗро░рпБроХрпНроХрпБроорпН 10 рокроЯроорпН роТро░рпЗ роЯрпИро░роХрпНроЯро░ро╛ ро╡роЪрпНроЪрпБ рокрогрпНрогро╛ роЕрокрпНрокроЯро┐родрпНродро╛рой .. рокрпБродрпБроЪро╛ ропрпЛроЪро┐роЩрпНроХроЯро╛.. роЕро╡ройрпН роорпВроЮрпНроЪро┐ рооро╛ро▒ро┐ роЗро░рпБроХрпНроХрпБ роЯрпНро░рпЖропрпНро▓ро░рпН
0,100 роХрпЗ роЪро┐роОроорпНроЯро┐ ро╡ро░рогрпБроорпН рокро┐ро░рогрпНроЯрпНро╕рпН роЪро┐роОроорпНроЯро┐ рокрпНро▓ро┐ро╕рпН
1,родрпБро░рпБро╡ роироЯрпНроЪрпНроЪродрпНродро┐ро░роорпН ро╡ро┐роЯрпНроЯрпБроЯрпНроЯрпБ рокрпЛропрпБроорпН рокрпЛропрпН роЗро╡рпНро│рпЛ роХрпЗро╡ро▓рооро╛рой рокроЯроорпН рокрогрпНрогрпБро▒ро┐ропрпЗ ...ропрпВ роЖро░рпН роЕройрпН роЗроЯро┐ропроЯрпН
0,роЗроирпНрод роЯро┐ро░рпЖропрпНро▓ро░рпН роЖро╣рпН роорпЗро╣ро╛ роЖроХро╛ро╖рпН роХро╛роХ родро╛ рокро╛родрпНродрпЗ ро▓рпИроХрпН рокрпЛроЯрпНро▒рпЗройрпН роЙро▓роХ роЕро┤рпАроИ
0,родро│рокродро┐ ро░роЪро┐роХройрпН роЪро╛ро░рпНрокро╛роХ ро╡ро╛ро┤рпНродрпНродрпБроХро│рпН роЕрогрпНрогро╛ роЕрогрпНроЯрпН роЗроирпНрод роорпВро╡ро┐ роУроЯ роТро░рпБ рокрпЛро╕рпНроЯро░рпН рокро╛ро░рпНродрпНрод роТроЯройрпЗ роОройроХрпНроХрпБ роЗродрпБ ро╡рпЖро▒рпБроорпН ро╕рпНрокрпЛро░рпНроЯрпНро╕рпН рокроЯрооро╛ роЗро░рпБроХрпНроХро╛родрпБройрпБ родрпЛройро┐роЪрпНроЪро┐ ро╣ро╛ро░ро░рпН роЖро╣рпН рооро┐роХрпНро╕рпН рокрогрпНрогро┐ роЗро░рпБроирпНродро╛ роиро▓рпНро▓ро╛ роЗро░рпБроХрпНроХрпБроорпН роирпЖройрпИроЪрпНроЪрпЗройрпН роЕрокрпНрокро▒роорпН родро╛ройрпН родрпЖро░ро┐ропрпБродрпБ роЯрпНро░рпЖропрпНро▓ро░рпН ро▓рпЗ ро╕рпНрокрпЛро░рпНроЯрпНро╕рпН ро╣ро╛ро░ро░рпН роирпБ ро░рпКроорпНрок ро╡рпЖропро┐роЯрпН рокрогрпНро▒рпЗройрпН роЗроирпНрод рокроЯродрпНродрпБроХрпНроХрпБ
0,роОрокрпНрокро╛ роЪрпВро░рпНропро╛ роЪро╛ро░рпН роирпАроЩрпНроХ роОройрпНрой роХрпЖроЯрпНроЯрокрпН рокрпЛроЯрпНроЯро╛ро▓рпБроорпН роиро▓рпНро▓ро╛ роЗро░рпБроХрпНроХрпБ роЪро╛ро░рпН
0,роХрпЗро╡ро┐ роЖройроирпНродрпН + роЪрпВро░рпНропро╛+ роорпЛроХройрпНро▓ро╛ро▓рпН+ роЖро░рпНропро╛+ роЪроорпБродрпНродро┐ро░роХрпНроХройро┐+рокрпЛрооройрпН роЗро░ро╛ройро┐+ роЪро╛ропрпЗро╖ро╛+ роЪро┐ро░ро╛роЬрпН роЬро╛ройро┐+ро╣ро╛ро░ро┐ро╕рпН роЬрпЖропро░ро╛роЬрпН
0,роЪрпЖроорпНроо роЯрпНро░рпЖропрпНро▓ро░рпН роЕрогрпНрогро╛ роЪрпЖроорпНроо ро▓ро╡рпН ропрпВ роЖродро┐ роЕрогрпНрогройрпН
0,роЙрогрпНроорпИропро╛рой роХро╛родро▓рпИ ропро╛ро░рпБроорпН роОродро┐ро░рпНроХрпНроХро╡ро┐ро▓рпНро▓рпИ.. роЗро░рпБ ро╡рпАроЯрпНроЯро╛ро░рпН роЪроорпНроородроорпН роЗро░рпБроирпНродро╛ро▓рпН роХро▓рпНропро╛рогроорпН рокрогрпНрогро┐ ро╡ро╛ро┤рпБроЩрпНроХро│рпН роЙрогрпНроорпИропро╛роХ.. ро╡ро┐ро░рпБрокрпНрокроорпН роЗро▓рпНро▓ро╛ роХро╛родро▓рпН рокро▓ рокро┐ро░роЪрпНроЪройрпИроХро│рпИ родро░рпБроорпН роХрпБроЯрпБроорпНрокродрпНродро┐ро▓рпН... роЗродрпИ ро╡ро┐роЯ роорпЛроЪрооро╛ройродрпБ роиро╛роЯроХроХро╛родро▓рпН роОройрпНройрпБроорпН рокрпЖропро░ро┐ро▓рпН рокрпЖрогрпНроХро│рпИ роПрооро╛ро▒рпНро▒рпБро╡родрпБ роЕродрпБ роОроирпНрод роЪроорпБроХроорпН роЪрпЖропрпНродро╛ро▓рпБроорпН роХрпБро▒рпНро▒роорпЗ роЕродрпИ родро┐ро░рпИропро┐ро▓рпН родрпИро░ро┐ропрооро╛роХ роХро╛роЯрпНроЯрпБроорпН роЗропроХрпНроХрпБройро╛ро░рпН роЕро╡ро░рпНроХро│рпБроХрпНроХрпБ роТро╡рпНро╡рпКро░рпБ рокрпЖрогрпН роХрпБро┤роирпНродрпИропрпИропрпБроорпН родрпЖропрпНро╡рооро╛роХ рокро╛ро░рпНроХрпНроХрпБроорпН роЕройрпИро╡ро░рпБроорпН ро╡ро╛ро┤рпНродрпНродро┐ роЗрокрпНрокроЯродрпНродрпИ родройродрпБ рокрпЖрогрпН рокро┐ро│рпНро│рпИроХро│рпБроХрпНроХрпБ роХро╛роЯрпНроЯро┐ ро╡ро┐ро┤ро┐рокрпНрокрпБрогро░рпНро╡рпБ роЪрпЖропрпНроп ро╡рпЗрогрпНроЯрпБроорпН.....
0,роЪрпВрокрпНрокро░рпН родро▓рпИро╡ро╛ ропрпБро╡ро░рпН ро╕рпНроЯрпИро▓рпНро╕рпН роЕрокрпНрокроЯро┐ропрпЗ роЗро░рпБроХрпНроХрпБ
0,ропрпБро╡ройрпН +родро▓рпИ=роЯрпЖроЯрпНро▓ро┐ропро╕рпНроЯрпН роХро╛роорпНрокрпЛ роЯропро▓ро╛роХрпНро╕рпН рокро┐роЬро┐роОроорпН ропрпБро╡ройрпНройроирпН родро▓рпИроЖроЖроЖроЖроЖ
0,роХрпЗро╡ро┐ роЖройроирпНродрпН роЪро╛ро░рпН роЪрпВрокрпНрокро░рпН роЪрпВрокрпНрокро░рпН роорпВро╡ро┐ ро╡рпЖропро┐роЯрпНроЯро┐роЩрпН роГрокро╛ро░рпН роЖроХро╕рпНроЯрпН 30
0,роироорпНроо рокро▓роорпБро▒рпИ рокро╛родрпНродрпБ рокро░ро┐роЪрпНроЪро┐ропро╛рооройро╛рой роорпБроХроЩрпНроХро│рпИ ро╡рпЗро▒ роХрпЛрогродрпНродро┐ро▓рпН роЪро▒рпНро▒рпБроорпН рокродро▒рпНро▒рооро╛роХ роХро╛роЯрпНроЯрпБро╡родрпЗ рооро┐ро╖рпНроХро┐ройро┐ройрпН родройро┐родрпНродро┐ро▒ройрпН... ро╡ро╛ро┤рпНродрпНродрпБроХро│рпН рооро┐ро╖рпНроХро┐ройрпН роЕрогрпНрогро╛
0,роЕроЬро┐родрпН роХрпБ роХро░рпЖроХрпНроЯрпН роЖро╣рпН роиро╛ роорпВро╡ро┐ропро╛ роирпБ родрпЖро░ро┐ропро▓ рооро╛ро╕рпН роЗро░рпБроХрпНроХро╛родрпБ рокрпЛро▓
0,роЪрпВрокрпНрокро░рпН родро▓рпИ рооро╛ро╕рпН рооро╛ро╕рпН рооро╛ро╕рпН
1,роорпАрогрпНроЯрпБроорпН роТро░рпБ рооро▒рпБрооро▓ро░рпНроЪрпНроЪро┐ ро╡рпЗрогрпНроЯрпБроорпН роиро╛роЯроХ роХро╛родро▓рпН роХрпЛро╖рпНроЯро┐роХро│рпБроХрпНроХрпБ роЪро░ро┐ропро╛рой роЪрпЖро░рпБрокрпНрокроЯро┐ родро┐ро░рпБрооро╛ & ро░роЮрпНроЪро┐родрпН роЪрпЛро┤ро░рпН ро╡роХрпИропро▒ро╛роХрпНроХро│рпН роХродро▒ро▓рпН ЁЯдгЁЯдгЁЯдгЁЯдгЁЯдгЁЯдгЁЯдг
0,роЗродрпБ 96 ! ропро╛ро░ роПрооро╛родрпНродрпБро▒
1,роТро░рпБ рооропро┐ро░рпБроорпН рокрпБро░ро┐ропро▓ роЯрпНро░рпЖропрпНро▓ро░рпН ро▓ро╛ роЪро┐ро╡ро╛ роОройрпНрой родро╛ роЪрпКро▓рпНро▓ ро╡ро░ро╛ройрпН роХрпКроЮрпНроЪроорпН роЪрпКро▓рпНро▓рпБроЩрпНроХ рокро╛ро╕рпН рокрпБро░ро┐ропрпБро▒ рооро╛родро┐ро░ро┐
0,роЕрокрпНрокроЯро┐ роОро▓ро╛роорпН роироЯроХрпНроХро╛родрпБ роироЯроХрпНроХ роХрпВроЯро╛родрпБ.
0,рооро╛ро░рпНро╡рпЖро▓рпН роирпЖроХрпНро╕рпНроЯрпН ро▓рпЖро╡ро▓рпН роЗроирпНродро┐ропро╛ роЕроЪрпЛроорпН ро╕рпНроХрпЗ
0,рокроЯроорпН ро╡рпЗро▒ ро▓рпЖро╡ро▓рпБро╣рпН роЗро░рпБроХрпНроХрпБроорпН рокрпЛро▓ ЁЯдФЁЯдФ ро╡рпЖропро┐роЯрпНроЯро┐роЩрпНроХро┐ро▓рпЗ ро╡рпЗро▒ро┐ропро╛роХрпБродрпБ родро░рооро╛рой роЪроорпНрокро╡роорпН роЗро░рпБроХрпНроХрпБ
0,родрооро┐ро┤рпНроиро╛роЯрпНроЯро┐ро▓рпН рооро┐роХро╡рпБроорпН роЪро┐ро▒рпБрокро╛ройрпНроорпИ роЪрпМро░ро╛роЯрпНроЯро┐ро░ роЪроорпВроХроорпН роЪро╛ро░рпНрокро╛роХ ро╡ро╛ро┤рпНродрпНродрпБроХрпНроХро│рпН...
1,роЗроирпНрод рокроЯродрпНрод роХро╛рокрпНрокро┐рогрпБ роЪрпКро▓рпНро▓ро┐ роОро╡ройрпБроорпН роХрпЗро╕рпН рокрпЛроЯро▓рпИропро╛ роЯро╛
0,роорпБроХроорпВроЯро┐роХрпНроХрпБ роорпВройрпБ роЯро┐роХрпНроХрпЖроЯрпН роЗро░рпБроХрпНроХрпБ.. ро╡ро░ро┐ропро╛...
0,родро▓рпИропрпИ рокро╛ро░рпНроХрпНроХ роХро╛ро▓рпИропро┐ро▓ ропрпЗ ро╡рогрпНроЯрпЛроорпНро▓ро╛
1,роХроЯрпИроЪро┐ро▓ ро░роЬро┐ройро┐ роп ро╡роЪрпНроЪрпБ роЪрпЖроЮрпНроЪрпБроЯро┐роЩрпНроХро│рпЗ роЯро╛
0,роородрпБро░рпИ рооро╛ро╡роЯрпНроЯроорпН роорпБродрпНродро░рпИропро░рпНроХро│рпН роЪро╛ро░рпНрокро┐ро▓рпН рокроЯроорпН ро╡рпЖро▒рпНро▒ро┐рокрпЖро▒ ро╡ро╛ро┤рпНродрпНродрпБроХрпНроХро│рпН..
0,роХрпБроорпНрокроХрпЛрогроорпН рокроХрпБродро┐ рокроЯрпИропро╛роЪрпНроЪро┐ роЪроорпБроХроорпН роЪро╛ро░рпНрокро╛роХ рокроЯроорпН ро╡рпЖро▒рпНро▒ро┐ рокрпЖро▒ ро╡ро╛ро┤рпНродрпНродрпБроХро│рпН.
0,роЪрпВрокрпНрокро░рпН рооро╛ро╕рпН роПропройрпН ро╡ро┐ро░рпБрокрпНрокроорпН роЗро▓рпНро▓рпИ рокрпЛроЯрпБро░рпАроЩрпНроХ роЙроЩрпНроХ роОрогрпНрогроорпН рокрпЛро▓рпН ро╡ро╛ро┤рпНроХрпНроХрпИ
0,ро╡ро┐роЬропрпН роЕрогрпНрогро╛ рокро┐ройрпНройро┐роЯрпНроЯрпАроЩрпНроХ.....роЪрпБроорпНрооро╛ роХро┐ро│ро┐ роХро┐ро▓ро┐ройрпБ роХро┐ро┤ро┐роЪрпНроЪро┐роЯрпНроЯро┐роЩрпНроХ
0,роирпЛроУроУроУроУроУроУроУроУроУроУроУроУ ро╡рпЗро░рпНроЯрпНро╕рпН рокро╛. роЯрпНро░рпЖропрпНро▓ро░рпН роЪрпЖроорпНроо рооро╛роЪроЪропро╛ роЗро░рпБроХрпН роЗро░рпБроХрпНроХрпБ ро╡рпЗро▒ ро▓рпЖро╡ро▓рпН
0,рооро▓рпЗроЪро┐ропро╛ роГрокрпЗройрпНро╕рпН ро╣ро┐роЯрпНро╕рпН ро▓рпИроХрпН роГрокро╛ро░рпН : )
1,роЪрпЖроорпНроо роХрпЗро╡ро▓рооро╛ роЗро░рпБроХрпНроХрпБ ро▓рпБроХрпНро╕рпН ро▓рпИроХрпН рокрпЗрокро┐ рооро╛ родрпАрокро╛
0,роХро╛ро░рпНродрпНродро┐роХрпН роЕрогрпНрогро╛ ро╡ро┐роЬропрпН роЕрогрпНрогро╛ роЪрпВро░рпНропро╛ роЕрогрпНрогро╛ ро╡ро╛роЯрпН роЕро╣рпН ро▓рпИройрпН роЕрокрпН роГрокро╛ро░рпН ро╣ро┐роорпН роЕрогрпНрогро╛
1,роЗродрпБроХрпНроХрпБроорпН ро╡ро┐ро░рпБрокрпНрокроорпН роЗро▓рпНро▓рпИ рокрпЛроЯрпБро▒ро╡роЩрпНроХро│ роирпЖройроЪрпНроЪро╛ родро╛ройрпН
0,ро▓рпИроХрпН роХроорпЖрогрпНроЯрпН рокрогрпНрогро┐роЯрпНроЯрпБ родро▓рпИ родро░ро┐роЪройроорпН рокро╛родрпНродро╡роЩрпНроХ роЗроЩрпНроХ ро▓рпИроХрпН рокрпЛроЯрпБроЩрпНроХ
0,роЪрпВро░рпНропро╛ роЕрогрпНрогройрпН роЕрогрпНроЯрпН ро▓ро▓рпЖроЯрпНроЯройрпН... рокро╛роЖроЖ... роЪрпЖроорпНроо.. роХроЯрпНроЯ ро╡рпЖропро┐роЯрпНроЯро┐роЩрпН
0,ро▓ро╡рпН ропрпВ родро▓рпИ рокрпИ роЪро┐ропро╛ройрпН роГрокрпЗройрпН ропрпВ роЖро▓рпНро╡рпЗро╕рпН рооро╕рпНро╕ро╕рпНро╕ро╛роЖроЖ ро▓ро╡рпН ропрпВропрпВропрпВропрпВропрпВ
0,роЗроЯрпН роЗро╕рпН ро▓рпИроХрпН роЗро░рпБроорпНрокрпБ роХрпЛроЯрпНроЯрпИ роорпБро░роЯрпНроЯрпБ роЪро┐роЩрпНроХроорпН роГрокрпЗройрпНроЯроЪро┐ роГрокро┐ро▓ро┐роХрпН роЯрпЗро▓рпН..
1,родрооро┐ро┤рпН роЪро┐ройро┐рооро╛ро╡рпЗ родро┐ро░рпБроорпНрокро┐рокрпН рокро╛ро░рпНроХрпНроХ рокрпЛро▒ рокроЯроорпН роЗродрпБродро╛ройрпН...!! рокрпЖрогрпНроХро│рпИ роЪро╛родро┐ ро░рпАродро┐ропро╛роХ роиро╛роЯроХ роХро╛родро▓рпН ро╡ро▓рпИропро┐ро▓рпН ро╡рпАро┤рпНродрпНродро┐ рокрогроорпН роЪроорпНрокро╛родро┐роХрпНроХро╡рпБроорпН роиро╛роЯроХ роХро╛родро▓рпН рокройрпНро▒ро┐роХро│рпБроХрпНроХрпБ роТро░рпБ рокро╛роЯрооро╛роХ роЗро░рпБроХрпНроХрпБроорпН.... //2020 рокрпБро░роЯрпНроЪро┐//
0,роХрпЖроЯрпН ро░роЬро┐ройрпАроГрокрпИроЯрпН роЖро▓рпН родро▓рпИро╡ро╛ роГрокрпЗройрпНро╕рпН рооро░рог рооро╛ро╕рпН родро▓рпИро╡ро╛ рокрпЖроЯрпНроЯро╛ рокро░ро╛роХрпН
1,роЙроЩрпНроХро│ рооро╛родро┐ро░ро┐ роТро░рпБ рооро╛ройроХрпЖроЯрпНроЯ роЬро╛родро┐роп рокро╛родрпНродродрпЗ роЗро▓рпНро▓ роЯро╛ рокрпКро│рпНро│ро╛роЪрпНроЪро┐ ро▓ роОро╡рпНро│рпЛ рокрпКрогрпНрогрпБ роорпЗро▓ роХрпИ ро╡роЪрпНроЪро┐роЩрпНроХ роЕрокрпНрокрпЛ роОро╡ройрпН роЪрпБройрпНройро┐роп роЙроорпНрокро┐роЯрпНроЯрпБ роЗро░рпБроирпНродро┐роЩрпНроХ ропрпЗрогрпНроЯро╛ рокро╛роЯрпБ
1,роУро╡ро░ро╛ роЖроЯрпБройрпБ роЗрокрпНрокроЯро┐ родро╛ройрпН роЯро╛ рокро╛роЯрпБ роЪроирпНродрпБ родрпВ
0,роОрогрпНроЯро┐роЩрпН роХро┐ро░рпЖроЯро┐роЯрпНро╕рпН роЪрпЖроорпНроо роЪрпЖроЮрпНроЪро┐роЯрпНроЯрпАроЩрпНроХ роиро▓рпНро▓ ро╡роЪрпНроЪро┐ роЪрпЖроЮрпНроЪро┐роЯрпНроЯрпАроЩрпНроХ роЪрпКроЯрпНроЯ ро░роЬро┐ройро┐роп роЕро░роЪро┐роОро▓рпН роХрпБ ро╡ро░ рооро╛роЯрпНроЯ рокрпЛро▓
0,роЗро░ро╛роороиро╛родрокрпБро░роорпН рооро╛ро╡роЯрпНроЯроорпН роорпБродрпНродро░рпИропро░рпНроХро│рпН ро╡ро┤ро┐рооро▒ро┐роЪрпНроЪро╛ройрпН роорпБродрпНродро░рпИропро░рпНроХро│рпН роЪро╛ро░рпНрокро╛роХ рокроЯроорпН ро╡рпЖро▒рпНро▒ро┐роЯрпИроп ро╡ро╛ро┤рпНродрпНродрпБроХрпНроХро│рпН
1,роЪрпЖроорпНроо ро╕рпНроЯрпИро▓рпН роЪрпБроорпНрооро╛ роПройрпН ро╡ро┐ро░рпБрокрпНрокроорпН роЗро▓рпНро▓рпИ рокрогрпНро▒ро╛ройрпБроХро│рпЛ!!!
0,роорпЗроХрпН 16 рооро┐ро▓рпНро▓ро┐ропройрпН рокро┐ро░рогрпНроЯрпНро╕рпН ро╡рпА ро╣рпЗро╡рпН 2 роЯрпЗро╕рпН роЯрпИроорпН
0,90ро╕рпН ро░роЬро┐ройро┐ роЗро╕рпН рокрпЗроХрпН ро╡ропроЪро╛ройро╛ро▓рпБроорпН роЕро┤роХрпБроорпН ро╕рпНроЯрпИро▓рпБроорпН роЙройрпНрой ро╡ро┐роЯрпНроЯрпБ рокрпЛро▓рпНро▓
0,рокроЯроорпН ро╡рпЖро▒рпНро▒ро┐ роЕроЯрпИроп ро╡ро╛ро┤рпНродрпНродрпБроХро│рпН рокрпИ родро│рокродро┐ роГрокрпЗройрпН
0,ро╡ро┐ро╕рпНро╡роХро░рпНрооро╛ роЪроорпБродро╛ропроорпН роЪро╛ро░рпНрокро╛роХ рооро╛рокрпЖро░рпБроорпН ро╡рпЖро▒рпНро▒ро┐рокрпНрокроЯрооро╛роХ роЕроорпИроп ро╡ро╛ро┤рпНродрпНродрпБроХро│рпН
1,ро╡рпЖройрпН рокро╛рогрпНроЯрпЗ роХрпЖроЯрпНро╕рпН роЕрокрпН ро╡рогрпНроЯрпБроорпБро░рпБроХройрпН : роР роЖроорпН ро╕рпНрокрпАроХрпНроХро┐роЩрпН роирпЛ роХро┐ро░ро╛ро╕рпН ро╕рпНрокрпАроХрпНроХро┐роЩрпН роЪро┐роЯрпН роЯро╡рпБройрпН
1,ро░роЬро┐ройро┐ роЖро╣рпН ро╡ро┐роЯ роЕроХрпНро╖ропрпН рооро╛ро╕рпН роЖро╣рпН роЗро░рпБроХрпНроХро╛ройрпЗ
0,ро╡ро░рпНро▓ро╛роорпН ро╡ро░рпНро▓ро╛роорпН ро╡ро╛роЖроЖ рокрпИро░ро╡ро╛ ро╡рпЗро▒ ро▓рпЖро╡ро▓рпН!!
0,роОро╕рпН3 ро╡ро┐роЬропрпНро┐роХрпНроХро╛роЯрпН ро╡рпЖропро┐роЯрпНроЯро┐роЩрпН роГрокро╛ро░рпН роОроГрокрпНроЯро┐роОроГрокрпНроОро╕рпН рокроЯрпН роЯрпАроЪро░рпН роиро╛роЯрпН роЗрогрпНроЯрпНро░ро╕рпНроЯро┐роЩрпН роГрокрпНро░роорпН роО рокро┐роХрпН роГрокрпЗройрпН роЖроГрокрпН
1,роиро┐ро╡рпЗродро╛ роЪрпВроЯрпН роЖроЪрпНроЪрпБ рокроЯрпН ро░ро╛ро╖ро┐ роХрогрпНрогро╛ роиро▓рпНро▓ роЗро▓рпНро▓
1,ро╡ро┐ро░рпБрокрпНрокроорпН роЗро▓рпНро▓рпИ рокрогрпНрогро╡ро╛ роЕро╡ роЕроорпНрооро╛ роОро▓рпНро▓ро╛роорпН роРроЯрпНроЯроорпН родро╛ройрпН родрпЗро╡ро┐роЯро┐ропро╛ рокроЪроЩрпНроХро│ роЙроЩрпНроХроорпНроорпНрооро╛ роХрпВродрпНродро┐роЩрпНроХро│ роХро┐ро┤ро┐роЪрпНроЪро┐роЯрпБро╡ройрпН
1,28000 роХроорпЖрогрпНроЯрпН роЗро░рпБроХрпНроХрпБ роТро╡рпНро╡рпКро░рпБ роХроорпЖрогрпНроЯрпН роЙроорпН роЕро╡ро░ро╡ро░рпН роЬро╛родро┐ роЪрпКро▓рпНро▓ро┐ ро╡ро╛ро┤рпНродрпНродрпБроХрпНроХро│рпН роОройрпНро▒ рокроЯро┐ роЗро░рпБроХрпНроХро┐ро▒родрпБ рокроЯроорпН ро╡ро░рпБроорпН роорпБройрпНрокрпЗ роЗродрпНродройрпИ роЬро╛родро┐ ро╡рогрпНроороорпН роХрпКроирпНродро│ро┐рокрпНрокрпБ роОройрпНро▒ро╛ро▓рпН рокроЯроорпН ро╡роирпНродро╛ро▓рпН роХрогрпНроЯро┐рокрпНрокро╛роХ рокро┐ро░роЪрпНроЪройрпИ роЙро▒рпБродро┐ роЗродрпБ рокрпЛройрпНро▒ рокроЯроЩрпНроХро│рпН роЗроирпНрод роХро╛ро▓родрпНродро┐ро▓рпН роОроЯрпБрокрпНрокродрпБ ро╡рпЖроирпНрод рокрпБрогрпНройро┐ро▓рпН ро╡рпЗро▓рпН рокро╛ропрпНроЪрпНроЪрпБро╡родрпБ рокрпЛро▓ рокро╛ро╡роорпН роороХрпНроХро│рпН роУроорпНроХрпБрооро╛ро░рпН роородрпБро░рпИ
0,роЪрпЖроорпНроо роЯрпНро╡ро┐ро╕рпНроЯрпН роОро▓рпНро▓ро╛роорпН роЯрпНро░ро┐ро▓ро╛ро░рпН роУрокрпНрокройрпН роЖроХрпБродрпБ рокрпНро░рпЛ роЕрод роХрпКроЮрпНроЪроорпН роЪро░ро┐ рокрогрпНрогро┐роХрпНроХрпЛроЩрпНроХ
0,роОройрпНроХрпЗроХрпЗ рооро╛ро╕рпН роХро╛рокрпНрокро╛ройрпН роЯрпАроЪро░рпН рооро╛роЪрпБ рооро░рогроорпН
0,рокроЯроорпН ро╡ро░рпБрооро╛ родроорпНрокро┐ роорпЗ 31 рокроЯроорпН ро╡ро░рпБроорпН рокро╛ро░рпБ
0,рокроХро╛роЯрпНроЯро▓рпНро▓рпЗ роЗройрпН роО роорпИройро░рпН рокро┐ропро╛ройрпЛ рокро┐роЬро┐роОроорпН роЕро╡ро░рпН рокрпЛроЯрпНроЯродрпБро▓....
0,роЗро░рпБроорпНрокрпБроХройрпН рооро╛родро┐ро░ро┐ роЗро░рпБроХрпНроХрпБ ро╡ро╛ропрпНро╕рпН роЖро╣рпН роЪрпКройрпНройрпЗройрпН
0,роорпВро╡ро┐ родрооро┐ро┤рпН роорпЗрооро╛роЩрпН рокрпЖро╕рпНроЯрпН родрпЖро░ро┐рокрпИроХрпН роЕроЬро┐родрпН
0,роЕро┤рпБродрпБ роЗро▓рпНро▓ роЪро┐ро░ро┐рокрпНрокрпБ родро╛ройрпН ро╡ро░рпБродрпБ роЕродро┐роХрооро╛
0,роУ роОроорпН роЬро┐ ро░роЬро┐ройро┐ роЗро╕рпН роХро┐ро▓рпНро▓ро┐роЩрпН роЕро╡рпЗроЪроорпН роХрпЖроЯрпН ро░роЬро┐ройрпАроГрокрпИроЯрпН
0,10роОроорпН ро╡ро┐ропрпВро╕рпН ро╡ро░ро▓ро╛роорпН ро╡ро╛ ро╡ро░рпНро▓ро╛роорпН рокрпИро░ро╡ро╛
0,рооро░рог рооро╛ро╕рпН роиро╛ роЕродрпБ роиро╛роЩрпНроХ родрогрпНроЯро╛ роПроХрпЗ рокро┐ро░родро░рпНро╕рпН
0,ро╣ро┐роЯрпН ро▓рпИроХрпН роГрокро╛ро░рпН роЕроХрпНро╖ропрпН роХрпБрооро╛ро░рпН роЕрогрпНроЯрпН ро░роЬро┐ройро┐ роЪро╛ро░рпН роЕроЪрпЛроорпН роЯро┐ро░рпЖропрпНро▓ро░рпН
0,ро╣ро╛ро░ро┐ро╕рпН роЬрпЖропро░ро╛роЬрпН рокро┐роЬро┐роОроорпНроХрпБ рооро░рог ро╡рпЖропро┐роЯрпНроЯро┐роЩрпН роЪро╛роЩрпНроХрпНро╕рпН роЖро░рпН рооро░рог рооро╛ро╕рпН рооро┐ропрпВроЪро┐роХрпН
0,рокрпНро▓ро┐ро╕рпН роЕрокрпНро▓рпЛроЯрпН роГрокрпБро▓рпН роорпВро╡ро┐ роЗройрпН ро╣ро┐роирпНродро┐ роЯрокрпНроЯрпБ рокрпНро▓ро┐ро╕рпН роЕроЯрпНрооро┐ройрпН
1,роЗроЯрпН ро▓рпБроХрпНро╕рпН ро▓рпИроХрпН роО роЕройро┐роорпЗроЯрпНроЯроЯрпН роорпВро╡ро┐
0,роХроЩрпНроХройро╛ ро░ройро╛ро╡родрпН роГрокрпЗройрпНро╕рпН
0,роЪро╛родро┐роХро│рпН роорпЗро▓рпН роироорпНрокро┐роХрпНроХрпИ роЗро▓рпНро▓ро╛род родрооро┐ро┤ройро╛роХ ро╡ро╛ро┤рпНродрпНродрпБроХро┐ро▒рпЗройрпН
0,родрпА роЗро╕рпН роЕро┤рпБродро╛ роОро┤рпБродрпНродрпБ 2 !
0,роЪрпВрокрпНрокро░рпН ро╕рпНроЯро╛ро░рпН рооро╛родро┐ро░ро┐ ропро╛ро░рпБроорпН ро╡ро░ роорпБроЯро┐ропро╛родрпБ ро╕рпНро╡рпАроЯрпН роЪро╛рокрпНрокро┐роЯро▓ро╛рооро╛
0,роЕроХро╛ роЕроХро╛ роОродрпБроХрпНроХрпБ родро╛рой роОродройро╛ро▓ роХродрпНродрпБропро░рпВродрпНродро╛ройрпН ро╡рпЗро▒ ро▓рпЖро╡ро▓рпН роЯро┐ро░ро┐роОро▓рпНро▓рпЖро░рпН
0,ро╡ро╛ро┤рпНродрпНродрпБроХрпНроХро│рпН ро╡ро┐роХрпНро░роорпН роЪро╛ро░рпН роироЯро┐рокрпНрокро┐ройрпН роиро╛ропроХройрпН роорпБропро▒рпНроЪро┐ роЗройрпН роорпБроХроорпН ро╡рпЖро▒рпНро▒ро┐ роЗройрпН ро░роХроЪро┐ропроорпН роЕроорпИродро┐ропро┐ройрпН рооро▒рпБрокрпНрокроХрпНроХроорпН роЗрокрпНрокроЯро┐ роиро┐ро▒рпИроп роиро┐ро▒рпИроп роиро┐ро▒рпИроп роЪрпКро▓рпНро▓ро┐роЯрпНроЯрпЗ рокрпЛро▓ро╛роорпН
0,роЗродрпБ родро╛рогрпНроЯро╛ роЙрогрпНроорпИропро╛рой роЪроорпВроХрокрпНрокроЯроорпН роЕроЯрпБродрпНродро╡ройрпН роХрпБроЯрпБроорпНрокродрпНродрпИ роХрпЖроЯрпБроХрпНроХ роиро┐ройрпИрокрпНрокро╡ройрпНроХрпНроХрпБ роороЯрпНроЯрпБроорпН родро╛ройрпН роЗродрпИ рокро╛ро░рпНродрпНродро╛ро▓рпН роХрпЛро╡роорпН ро╡ро░рпБроорпН
0,роОро▓рпНро▓ро╛ роЯрпАроЪро░рпН род рокро╛роХрпНро░ро╛роЩрпНро▓рпЛ роТро▓ро┐ропрпЗ роЕродро▓ро┐ро▒рпНроХрпБ роорпЖроЪрпЗроЬрпН рокрпБро░рпНроЮрпНроЪро┐роХро╛ роороЯрпНроЯро┐роЩрпНроХрпНро░рпЗроЬрпН роЗродрпНродрпБро▓рпЗ роТро░рпБ роЯропро▓ро╛роХрпН рокроЯрпБроЪрпНро╡рпБроЩрпНроХрпЗ роОро▓рпНро▓ро╛ роХрпЗроорпБройрпБ роЗро░рпНроХрпБро░ро▓ро╛родро╛ роироорпНроо роиро╛роЯрпБ роорпЛроЪрооро╛ роЗро▒рпНроХрпБ роОрокрпНрокрпЛродро╛ роироорпНроо ропроЩрпН ро╕рпНроЯро╛ро░рпНро╕рпН роОро▓рпНро▓ро╛ роЕройрпНропро╛ропродрпНродрпЗ роОроЯрпБродрпНродрпБ роХрпКро░ро▓рпН роХрпБроЯрпБрокрпНрокро╛роЩрпНро▓рпЛ роЕрокрпНрокрпЛ роТро░рпБ роиро┐ропрпВ роЗроирпНродро┐ропро╛ рокро╛роХрпНро▓ро╛роорпН
0,роЗро│рпИроп родро│рокродро┐ ро╡ро┐роЬропрпН роиро╛ роОройрпНрой рооро╛ро╕рпНро╕рпН
0,родро▓ рокрпЛро▓ ро╡ро░ро╛родрпБ ро╡рпЖропро┐роЯрпНроЯро┐роЩрпН ро╡ро┐роЪрпБро╡ро╛роЪроорпН роЯро┐ро░рпЖропрпНро▓ро░рпН
0,роиро┐ро╕рпН рокро┐роЬро┐роОроорпН роХро╛рокрпНрокро┐ рокро┐ро░роорпН рооро▓рпИропро╛ро│роорпН
1,роОройроХрпНроХрпБ роЗродрпБ роПройрпЛроорпЛ роЪро░ро┐ропро╛ рокроЯрпБро▓ро╛ роЯро┐ро╕рпНро▓рпИроХрпН роЬро┐
0,роЯрпЗропрпН роЗродро╛рогрпНроЯро╛ рооро╛роЪрпБ роОроЩрпНроХ родро▓рпИ роЯро╛ роОрокрпНрокро╡рпБроорпН рооро╛роЪрпБ
0,ро╣ро┐роирпНродро┐ роорпВро╡ро┐ рокро┐роЩрпНроХрпН ро░рпАроорпЗроХрпН роЗройрпН родрооро┐ро┤рпН
0,роЕродрпБро▓ роироЯроХрпНроХро╡рпБроорпН роироЯроХрпНроХро╛родрпБ рооро╛ро╕рпН роЪрпАройрпН ро▓ро╡рпН ропрпВ родро▓рпИ
0,рокро┐ро▓ро┐роорпН рокрпИ роЪрпЖро▓рпНро╡ро╛ ро░ро╛роХро╡ройрпН ройрпБ рокро╛роХрпНроХрпБроорпН рокрпЛродрпБ роПродрпЛ роТро░рпБ ро╡ро┐родродрпНродрпБро▓ роХрпВро╕рпНрокроорпНрокрпНро╕рпН
0,ро╖рпЗро░рпН роЖро▓рпН роЪрпЛроЪро┐ропро▓рпН роорпАроЯро┐ропро╛ ро╡ро┐ропрпВро╕рпН роЪрокрпНрокрпЛро░рпНроЯрпН родрооро┐ро┤рпНроиро╛роЯрпБ роороХрпНроХро│рпН
1,роХрпЛроЪрпНроЪроЯрпИропро╛ройрпН рокрпБроЯрпНрокро╛ро▓рпН роЖроЯрпНро▒ро╛ро░рпБ роЕроЩрпНроХ роТро░рпБ роЯрпНро░рпИро▓ро░рпНро▓ро╛
1,ро▓рпЛ роХрпЗро╕рпНроЯрпН рокроЪроЩрпНроХро│ рокродрпНродро┐рой рокроЯрооро╛ роЕро╡ро▓рпЛро╡ро╛ ро╣ро┐роЯрпН роЖроХрпБродрпБ
0,рооро╛ро╕рпН родро▓рпИро╡ро╛ родройрпБро╖рпН роЕрогрпНрогро╛ ро╡рпЗро▒ ро▓рпЖро╡ро▓рпН
0,роЗро▓рпНро▓рпИропро╛ родро▓рпИ рокро╛родро┐ ро╡ро┐роЬропрпН роХро┐ роЬрпЖропрпН
0,роЪрпВро░рпНропро╛ роЪро╛ро░рпН роОроирпНрод рооро╛родро┐ро░ро┐ропро╛рой роЖроХрпНроЯро┐роЩрпН роЖро╣рпН роЙроЩрпНроХроХро┐роЯрпНроЯ рокро╛ро░рпНродрпНродрпБ ро░рпКроорпНрок роиро╛ро│рпН роЖроЪрпНроЪро┐ роЪрпВрокрпНрокро░рпН
0,ро▓рпЛроХрпЗро╖рпН роХроЯрпНроЯ роЕро╡рпЗроЪроорпН роГрокро╛ро░рпН родро│рокродро┐ 64 роиро╛ройрпН ро╡рпЖропро┐роЯрпНроЯро┐роЩрпН
0,родро▓рпИ родро▓рпИ родро▓рпИ родро▓ родро▓ родро▓ родро▓
0,рокроЯроорпН ро╡рпЖро▒рпНро▒ро┐ рокрпЖро▒ ро╡ро╛ро┤рпНродрпНродрпБроХро│рпН роХрпВроЯро▓рпВро░рпН рооро╛ро╡роЯрпНроЯроорпН
1,роОройрпНрой роЯро╛ ро▓ро╛ро╕рпНроЯрпН роЪрпАройрпН ро╣ рокрпЛройрпН ро▓ рокрпЛроЯрпНро▒ро┐роЯрпНроЯрпЗ роорпЛроЯрпН ро▓ роОроЯрпБродрпНрод рооро╛родро┐ро░ро┐ роЗро░рпБро░рпБроХрпБ
1,роЗроирпНрод роЯрпНро░рпЖропрпНро▓ро░ ро╡ро┐ро░рпБрокрпНрокроорпН роЗро▓рпНро▓рпИ рокрогрпНро▒родрпБроХрпНроХрпБройрпЗ ро╡ро┐роЬропрпН родрпЗро╡ро┐роЯро┐ропро╛ рокрпИропройрпН роТро░рпБ роХрпБро░рпВрокрпН ро╡роЪрпНроЪро┐ро░рпБрокро╛ройрпН роЕродрпБроЩрпНроХро╛ родро╛ройрпН ро╡ро┐ро░рпБрокрпНрокроорпН роЗро▓рпНро▓рпИ рокрогрпНрогро┐роЯрпНроЯрпБ роЗро░рпБроХрпБродрпБроЩрпНроХро╛ роТродрпНродро╛ ро╡ро┐роХрпН роорогрпНроЯрпИропройрпН роГрокрпЗройрпНро╕рпН
1,роЙропро░рпНрогрпНрод роЬро╛родро┐ роирпБ роЪрпКро▓рпНро▓ро░ро╡ройрпН роЗрой
